都道府県,市区町村,国籍・地域,在留資格,在留外国人数
熊本県,熊本市中央区,中国,永住者,383 
熊本県,熊本市中央区,韓国,永住者,69 
熊本県,熊本市中央区,韓国,特別永住者,95 
熊本県,熊本市中央区,朝鮮,特別永住者,4 
熊本県,熊本市中央区,台湾,永住者,36 
熊本県,熊本市中央区,中国,永住者の配偶者等,14 
熊本県,熊本市中央区,フィンランド,永住者,1 
熊本県,熊本市中央区,米国,永住者,33 
熊本県,熊本市中央区,フィリピン,永住者,123 
熊本県,熊本市中央区,無国籍,永住者,1 
熊本県,熊本市中央区,無国籍,日本人の配偶者等,1 
熊本県,熊本市中央区,韓国,定住者,8 
熊本県,熊本市中央区,中国,定住者,29 
熊本県,熊本市中央区,オーストラリア,永住者,6 
熊本県,熊本市中央区,台湾,定住者,3 
熊本県,熊本市中央区,フランス,永住者,5 
熊本県,熊本市中央区,フィリピン,日本人の配偶者等,14 
熊本県,熊本市中央区,カナダ,永住者,6 
熊本県,熊本市中央区,米国,日本人の配偶者等,26 
熊本県,熊本市中央区,タイ,日本人の配偶者等,5 
熊本県,熊本市中央区,スイス,永住者,2 
熊本県,熊本市中央区,ノルウェー,永住者,1 
熊本県,熊本市中央区,ブラジル,永住者,6 
熊本県,熊本市中央区,ドイツ,日本人の配偶者等,1 
熊本県,熊本市中央区,スリランカ,永住者,8 
熊本県,熊本市中央区,米国,教授,2 
熊本県,熊本市中央区,中国,日本人の配偶者等,26 
熊本県,熊本市中央区,アルゼンチン,永住者,2 
熊本県,熊本市中央区,フィリピン,定住者,37 
熊本県,熊本市中央区,ロシア,永住者,4 
熊本県,熊本市中央区,マレーシア,永住者,1 
熊本県,熊本市中央区,中国,教授,11 
熊本県,熊本市中央区,ベトナム,永住者,3 
熊本県,熊本市中央区,インドネシア,永住者,3 
熊本県,熊本市中央区,タイ,永住者,6 
熊本県,熊本市中央区,英国,永住者,10 
熊本県,熊本市中央区,韓国,日本人の配偶者等,15 
熊本県,熊本市中央区,ウクライナ,永住者,2 
熊本県,熊本市中央区,タイ,定住者,1 
熊本県,熊本市中央区,モルディブ,永住者,1 
熊本県,熊本市中央区,ニュージーランド,日本人の配偶者等,2 
熊本県,熊本市中央区,中国,高度専門職１号ロ,6 
熊本県,熊本市中央区,パキスタン,永住者,4 
熊本県,熊本市中央区,ルーマニア,永住者,9 
熊本県,熊本市中央区,ブータン,永住者,2 
熊本県,熊本市中央区,ミャンマー,永住者,1 
熊本県,熊本市中央区,ラオス,永住者,1 
熊本県,熊本市中央区,米国,教育,11 
熊本県,熊本市中央区,メキシコ,永住者,1 
熊本県,熊本市中央区,ナイジェリア,永住者,1 
熊本県,熊本市中央区,ドイツ,永住者,1 
熊本県,熊本市中央区,インド,永住者,3 
熊本県,熊本市中央区,ペルー,永住者,1 
熊本県,熊本市中央区,中国,家族滞在,55 
熊本県,熊本市中央区,モンゴル,永住者,2 
熊本県,熊本市中央区,タイ,経営・管理,1 
熊本県,熊本市中央区,中国,技術・人文知識・国際業務,84 
熊本県,熊本市中央区,英国,日本人の配偶者等,5 
熊本県,熊本市中央区,モンゴル,教授,1 
熊本県,熊本市中央区,フランス,定住者,1 
熊本県,熊本市中央区,モンゴル,技術・人文知識・国際業務,1 
熊本県,熊本市中央区,メキシコ,日本人の配偶者等,2 
熊本県,熊本市中央区,韓国,技術・人文知識・国際業務,60 
熊本県,熊本市中央区,中国,技能,6 
熊本県,熊本市中央区,スリランカ,技能,17 
熊本県,熊本市中央区,オーストリア,永住者,1 
熊本県,熊本市中央区,中国,経営・管理,10 
熊本県,熊本市中央区,イタリア,永住者,1 
熊本県,熊本市中央区,イタリア,技術・人文知識・国際業務,1 
熊本県,熊本市中央区,カナダ,技術・人文知識・国際業務,6 
熊本県,熊本市中央区,ナイジェリア,日本人の配偶者等,1 
熊本県,熊本市中央区,モンゴル,家族滞在,13 
熊本県,熊本市中央区,ルーマニア,日本人の配偶者等,2 
熊本県,熊本市中央区,コロンビア,永住者,1 
熊本県,熊本市中央区,ネパール,永住者,4 
熊本県,熊本市中央区,タンザニア,日本人の配偶者等,1 
熊本県,熊本市中央区,米国,技術・人文知識・国際業務,8 
熊本県,熊本市中央区,スペイン,永住者,1 
熊本県,熊本市中央区,中国,高度専門職２号,1 
熊本県,熊本市中央区,インドネシア,定住者,1 
熊本県,熊本市中央区,韓国,教授,4 
熊本県,熊本市中央区,ネパール,技能,12 
熊本県,熊本市中央区,モンゴル,高度専門職１号イ,1 
熊本県,熊本市中央区,ミャンマー,技術・人文知識・国際業務,26 
熊本県,熊本市中央区,ネパール,技術・人文知識・国際業務,75 
熊本県,熊本市中央区,インド,技能,5 
熊本県,熊本市中央区,カナダ,日本人の配偶者等,4 
熊本県,熊本市中央区,モンゴル,特定活動,1 
熊本県,熊本市中央区,台湾,技術・人文知識・国際業務,110 
熊本県,熊本市中央区,ベトナム,技術・人文知識・国際業務,36 
熊本県,熊本市中央区,中国,文化活動,9 
熊本県,熊本市中央区,中国,留学,431 
熊本県,熊本市中央区,トンガ,永住者,6 
熊本県,熊本市中央区,スリランカ,定住者,1 
熊本県,熊本市中央区,ギニア,日本人の配偶者等,1 
熊本県,熊本市中央区,中国,特定活動,8 
熊本県,熊本市中央区,ベトナム,日本人の配偶者等,5 
熊本県,熊本市中央区,ウズベキスタン,技術・人文知識・国際業務,2 
熊本県,熊本市中央区,パキスタン,経営・管理,2 
熊本県,熊本市中央区,中国,高度専門職１号イ,4 
熊本県,熊本市中央区,ネパール,家族滞在,60 
熊本県,熊本市中央区,台湾,高度専門職１号ロ,52 
熊本県,熊本市中央区,ドミニカ共和国,技術・人文知識・国際業務,1 
熊本県,熊本市中央区,ベトナム,高度専門職１号ロ,1 
熊本県,熊本市中央区,韓国,宗教,3 
熊本県,熊本市中央区,米国,興行,2 
熊本県,熊本市中央区,ポーランド,永住者,1 
熊本県,熊本市中央区,イラン,留学,6 
熊本県,熊本市中央区,ノルウェー,日本人の配偶者等,1 
熊本県,熊本市中央区,ネパール,介護,8 
熊本県,熊本市中央区,オーストラリア,特定活動,1 
熊本県,熊本市中央区,インドネシア,日本人の配偶者等,3 
熊本県,熊本市中央区,ベトナム,高度専門職１号イ,1 
熊本県,熊本市中央区,バングラデシュ,永住者,3 
熊本県,熊本市中央区,スーダン,定住者,1 
熊本県,熊本市中央区,タイ,技術・人文知識・国際業務,13 
熊本県,熊本市中央区,ベトナム,介護,4 
熊本県,熊本市中央区,韓国,高度専門職１号ロ,1 
熊本県,熊本市中央区,ジャマイカ,技術・人文知識・国際業務,1 
熊本県,熊本市中央区,カナダ,教授,2 
熊本県,熊本市中央区,ネパール,経営・管理,2 
熊本県,熊本市中央区,ベトナム,家族滞在,16 
熊本県,熊本市中央区,スリランカ,技術・人文知識・国際業務,7 
熊本県,熊本市中央区,韓国,家族滞在,14 
熊本県,熊本市中央区,インドネシア,技術・人文知識・国際業務,5 
熊本県,熊本市中央区,ミャンマー,特定技能１号,16 
熊本県,熊本市中央区,インドネシア,家族滞在,10 
熊本県,熊本市中央区,韓国,介護,1 
熊本県,熊本市中央区,ベトナム,経営・管理,1 
熊本県,熊本市中央区,フィリピン,技術・人文知識・国際業務,12 
熊本県,熊本市中央区,フィリピン,家族滞在,5 
熊本県,熊本市中央区,パキスタン,宗教,1 
熊本県,熊本市中央区,パキスタン,技能,4 
熊本県,熊本市中央区,ベトナム,特定技能１号,56 
熊本県,熊本市中央区,パキスタン,家族滞在,5 
熊本県,熊本市中央区,韓国,文化活動,1 
熊本県,熊本市中央区,タンザニア,教授,2 
熊本県,熊本市中央区,タンザニア,家族滞在,11 
熊本県,熊本市中央区,ネパール,留学,235 
熊本県,熊本市中央区,ベトナム,留学,31 
熊本県,熊本市中央区,パキスタン,教授,1 
熊本県,熊本市中央区,パキスタン,技術・人文知識・国際業務,2 
熊本県,熊本市中央区,セネガル,留学,2 
熊本県,熊本市中央区,韓国,留学,40 
熊本県,熊本市中央区,ベトナム,特定活動,3 
熊本県,熊本市中央区,中国,特定技能１号,7 
熊本県,熊本市中央区,ミャンマー,日本人の配偶者等,2 
熊本県,熊本市中央区,インドネシア,留学,46 
熊本県,熊本市中央区,フィリピン,教授,1 
熊本県,熊本市中央区,バングラデシュ,教授,4 
熊本県,熊本市中央区,エジプト,教授,4 
熊本県,熊本市中央区,台湾,永住者の配偶者等,2 
熊本県,熊本市中央区,インドネシア,特定技能１号,9 
熊本県,熊本市中央区,オーストラリア,日本人の配偶者等,1 
熊本県,熊本市中央区,バングラデシュ,介護,1 
熊本県,熊本市中央区,ネパール,特定技能１号,3 
熊本県,熊本市中央区,米国,永住者の配偶者等,1 
熊本県,熊本市中央区,マレーシア,留学,10 
熊本県,熊本市中央区,バングラデシュ,家族滞在,14 
熊本県,熊本市中央区,スリランカ,留学,2 
熊本県,熊本市中央区,オランダ,技術・人文知識・国際業務,1 
熊本県,熊本市中央区,英国,教授,2 
熊本県,熊本市中央区,ケニア,留学,5 
熊本県,熊本市中央区,キルギス,留学,1 
熊本県,熊本市中央区,モンゴル,留学,8 
熊本県,熊本市中央区,インド,教授,6 
熊本県,熊本市中央区,インド,留学,2 
熊本県,熊本市中央区,ベトナム,技能実習３号ロ,8 
熊本県,熊本市中央区,中国,介護,2 
熊本県,熊本市中央区,ウクライナ,技術・人文知識・国際業務,2 
熊本県,熊本市中央区,バングラデシュ,技術・人文知識・国際業務,1 
熊本県,熊本市中央区,オーストリア,日本人の配偶者等,1 
熊本県,熊本市中央区,ブラジル,定住者,1 
熊本県,熊本市中央区,ブラジル,永住者の配偶者等,1 
熊本県,熊本市中央区,フィリピン,永住者の配偶者等,1 
熊本県,熊本市中央区,台湾,留学,18 
熊本県,熊本市中央区,インド,技術・人文知識・国際業務,6 
熊本県,熊本市中央区,台湾,日本人の配偶者等,5 
熊本県,熊本市中央区,アフガニスタン,特定活動,1 
熊本県,熊本市中央区,スリランカ,家族滞在,5 
熊本県,熊本市中央区,アフガニスタン,定住者,3 
熊本県,熊本市中央区,フィリピン,特定技能１号,17 
熊本県,熊本市中央区,フィリピン,教育,3 
熊本県,熊本市中央区,カザフスタン,留学,2 
熊本県,熊本市中央区,ケニア,教育,1 
熊本県,熊本市中央区,フィリピン,留学,2 
熊本県,熊本市中央区,バングラデシュ,技能実習３号ロ,1 
熊本県,熊本市中央区,南アフリカ共和国,技術・人文知識・国際業務,3 
熊本県,熊本市中央区,バングラデシュ,特定技能１号,1 
熊本県,熊本市中央区,インド,特定技能１号,1 
熊本県,熊本市中央区,バングラデシュ,文化活動,1 
熊本県,熊本市中央区,マラウイ,技術・人文知識・国際業務,1 
熊本県,熊本市中央区,アフガニスタン,留学,7 
熊本県,熊本市中央区,フランス,技術・人文知識・国際業務,2 
熊本県,熊本市中央区,スロバキア,技術・人文知識・国際業務,1 
熊本県,熊本市中央区,アフガニスタン,家族滞在,12 
熊本県,熊本市中央区,エジプト,家族滞在,18 
熊本県,熊本市中央区,バングラデシュ,留学,19 
熊本県,熊本市中央区,インドネシア,技能実習３号ロ,2 
熊本県,熊本市中央区,モンゴル,介護,1 
熊本県,熊本市中央区,マラウイ,留学,1 
熊本県,熊本市中央区,バングラデシュ,技能実習２号ロ,4 
熊本県,熊本市中央区,ドイツ,留学,5 
熊本県,熊本市中央区,フィリピン,技能実習３号ロ,3 
熊本県,熊本市中央区,ベトナム,技能実習２号ロ,48 
熊本県,熊本市中央区,エジプト,留学,9 
熊本県,熊本市中央区,フランス,日本人の配偶者等,2 
熊本県,熊本市中央区,インドネシア,技能実習２号ロ,36 
熊本県,熊本市中央区,英国,技術・人文知識・国際業務,2 
熊本県,熊本市中央区,タイ,留学,21 
熊本県,熊本市中央区,アラブ首長国連邦,留学,1 
熊本県,熊本市中央区,スーダン,留学,4 
熊本県,熊本市中央区,インドネシア,教授,1 
熊本県,熊本市中央区,モーリタニア,留学,2 
熊本県,熊本市中央区,タンザニア,留学,9 
熊本県,熊本市中央区,ケニア,家族滞在,1 
熊本県,熊本市中央区,中国,宗教,2 
熊本県,熊本市中央区,モーリタニア,家族滞在,1 
熊本県,熊本市中央区,フィリピン,技能実習２号ロ,8 
熊本県,熊本市中央区,トルコ,留学,2 
熊本県,熊本市中央区,スリランカ,技能実習２号ロ,3 
熊本県,熊本市中央区,ミャンマー,技能実習２号ロ,2 
熊本県,熊本市中央区,シンガポール,日本人の配偶者等,2 
熊本県,熊本市中央区,パキスタン,留学,5 
熊本県,熊本市中央区,ガーナ,文化活動,1 
熊本県,熊本市中央区,ラオス,留学,1 
熊本県,熊本市中央区,ガーナ,留学,4 
熊本県,熊本市中央区,ミャンマー,留学,11 
熊本県,熊本市中央区,インドネシア,特定活動,1 
熊本県,熊本市中央区,英国,教育,3 
熊本県,熊本市中央区,ドイツ,教授,1 
熊本県,熊本市中央区,米国,宗教,1 
熊本県,熊本市中央区,ハンガリー,教授,1 
熊本県,熊本市中央区,ザンビア,家族滞在,3 
熊本県,熊本市中央区,マレーシア,技術・人文知識・国際業務,6 
熊本県,熊本市中央区,ラオス,家族滞在,1 
熊本県,熊本市中央区,コートジボワール,留学,1 
熊本県,熊本市中央区,サンマリノ,日本人の配偶者等,1 
熊本県,熊本市中央区,カンボジア,技能実習２号ロ,3 
熊本県,熊本市中央区,台湾,家族滞在,47 
熊本県,熊本市中央区,台湾,企業内転勤,52 
熊本県,熊本市中央区,エチオピア,留学,1 
熊本県,熊本市中央区,米国,家族滞在,5 
熊本県,熊本市中央区,ナイジェリア,留学,4 
熊本県,熊本市中央区,コートジボワール,家族滞在,1 
熊本県,熊本市中央区,ウクライナ,特定活動,2 
熊本県,熊本市中央区,南アフリカ共和国,教育,1 
熊本県,熊本市中央区,アイルランド,永住者,1 
熊本県,熊本市中央区,ポーランド,技術・人文知識・国際業務,1 
熊本県,熊本市中央区,スーダン,家族滞在,3 
熊本県,熊本市中央区,マレーシア,宗教,1 
熊本県,熊本市中央区,ミャンマー,教授,1 
熊本県,熊本市中央区,フランス,留学,10 
熊本県,熊本市中央区,マルタ,留学,1 
熊本県,熊本市中央区,ネパール,教授,1 
熊本県,熊本市中央区,オマーン,留学,1 
熊本県,熊本市中央区,カナダ,教育,4 
熊本県,熊本市中央区,ニュージーランド,教育,3 
熊本県,熊本市中央区,米国,特定活動,2 
熊本県,熊本市中央区,カンボジア,技能実習１号ロ,1 
熊本県,熊本市中央区,ベネズエラ,家族滞在,1 
熊本県,熊本市中央区,ナイジェリア,技術・人文知識・国際業務,1 
熊本県,熊本市中央区,ミャンマー,技能実習１号ロ,2 
熊本県,熊本市中央区,ベナン,留学,1 
熊本県,熊本市中央区,ジンバブエ,留学,1 
熊本県,熊本市中央区,アルメニア,留学,2 
熊本県,熊本市中央区,オーストラリア,教育,1 
熊本県,熊本市中央区,ロシア,日本人の配偶者等,1 
熊本県,熊本市中央区,サモア,留学,1 
熊本県,熊本市中央区,ベトナム,技能実習１号ロ,23 
熊本県,熊本市中央区,カンボジア,技能実習３号ロ,1 
熊本県,熊本市中央区,フィリピン,技能実習３号イ,1 
熊本県,熊本市中央区,ブラジル,日本人の配偶者等,1 
熊本県,熊本市中央区,スリランカ,特定技能１号,3 
熊本県,熊本市中央区,カザフスタン,家族滞在,2 
熊本県,熊本市中央区,インドネシア,技能実習１号ロ,27 
熊本県,熊本市中央区,オーストラリア,留学,6 
熊本県,熊本市中央区,ドミニカ共和国,興行,1 
熊本県,熊本市中央区,ボリビア,日本人の配偶者等,1 
熊本県,熊本市中央区,アルメニア,家族滞在,1 
熊本県,熊本市中央区,ガーナ,家族滞在,3 
熊本県,熊本市中央区,フィリピン,技能実習１号ロ,17 
熊本県,熊本市中央区,フィリピン,企業内転勤,22 
熊本県,熊本市中央区,韓国,特定活動,3 
熊本県,熊本市中央区,韓国,企業内転勤,5 
熊本県,熊本市中央区,台湾,経営・管理,3 
熊本県,熊本市中央区,ネパール,日本人の配偶者等,1 
熊本県,熊本市中央区,北マケドニア,留学,1 
熊本県,熊本市中央区,タイ,技能,1 
熊本県,熊本市中央区,スウェーデン,留学,1 
熊本県,熊本市中央区,トルコ,文化活動,1 
熊本県,熊本市中央区,トルコ,家族滞在,2 
熊本県,熊本市中央区,トルコ,教授,1 
熊本県,熊本市中央区,米国,留学,2 
熊本県,熊本市中央区,ブラジル,研修,1 
熊本県,熊本市中央区,中国,研修,1 
熊本県,熊本市中央区,チェコ,留学,1 
熊本県,熊本市中央区,スイス,留学,2 
熊本県,熊本市中央区,デンマーク,留学,1 
熊本県,熊本市中央区,英国,留学,2 
熊本県,熊本市中央区,タイ,企業内転勤,2 
熊本県,熊本市中央区,タイ,教授,1 
熊本県,熊本市中央区,インド,文化活動,1 
熊本県,熊本市中央区,シンガポール,教育,1 
熊本県,熊本市中央区,ドイツ,技術・人文知識・国際業務,1 
熊本県,熊本市中央区,米国,芸術,1 
熊本県,熊本市中央区,インド,家族滞在,1 
熊本県,熊本市中央区,ウズベキスタン,留学,1 
熊本県,熊本市中央区,ドイツ,特定活動,1 
熊本県,熊本市東区,中国,永住者,235 
熊本県,熊本市東区,ドイツ,永住者,3 
熊本県,熊本市東区,韓国,特別永住者,36 
熊本県,熊本市東区,朝鮮,特別永住者,9 
熊本県,熊本市東区,韓国,定住者,1 
熊本県,熊本市東区,台湾,特別永住者,1 
熊本県,熊本市東区,米国,永住者,22 
熊本県,熊本市東区,韓国,永住者,28 
熊本県,熊本市東区,台湾,永住者,16 
熊本県,熊本市東区,フィリピン,永住者,96 
熊本県,熊本市東区,フィリピン,定住者,13 
熊本県,熊本市東区,ブラジル,永住者,7 
熊本県,熊本市東区,英国,永住者,3 
熊本県,熊本市東区,中国,定住者,9 
熊本県,熊本市東区,韓国,日本人の配偶者等,10 
熊本県,熊本市東区,カナダ,永住者,3 
熊本県,熊本市東区,タイ,永住者,5 
熊本県,熊本市東区,ブラジル,日本人の配偶者等,1 
熊本県,熊本市東区,マレーシア,永住者,3 
熊本県,熊本市東区,イスラエル,永住者,1 
熊本県,熊本市東区,フィリピン,永住者の配偶者等,2 
熊本県,熊本市東区,インドネシア,永住者,3 
熊本県,熊本市東区,ルーマニア,永住者,5 
熊本県,熊本市東区,米国,教育,18 
熊本県,熊本市東区,中国,日本人の配偶者等,25 
熊本県,熊本市東区,米国,定住者,2 
熊本県,熊本市東区,インドネシア,日本人の配偶者等,2 
熊本県,熊本市東区,モロッコ,永住者,1 
熊本県,熊本市東区,ブルガリア,永住者,1 
熊本県,熊本市東区,ロシア,日本人の配偶者等,2 
熊本県,熊本市東区,台湾,技術・人文知識・国際業務,29 
熊本県,熊本市東区,フィリピン,日本人の配偶者等,11 
熊本県,熊本市東区,オーストラリア,永住者,1 
熊本県,熊本市東区,ネパール,永住者,8 
熊本県,熊本市東区,イタリア,永住者,1 
熊本県,熊本市東区,中国,高度専門職２号,1 
熊本県,熊本市東区,米国,日本人の配偶者等,12 
熊本県,熊本市東区,南アフリカ共和国,永住者,1 
熊本県,熊本市東区,アイルランド,永住者,1 
熊本県,熊本市東区,中国,技術・人文知識・国際業務,19 
熊本県,熊本市東区,ニュージーランド,永住者,1 
熊本県,熊本市東区,スリランカ,永住者,4 
熊本県,熊本市東区,ベトナム,永住者,4 
熊本県,熊本市東区,中国,家族滞在,18 
熊本県,熊本市東区,タイ,日本人の配偶者等,3 
熊本県,熊本市東区,英国,技術・人文知識・国際業務,2 
熊本県,熊本市東区,米国,経営・管理,1 
熊本県,熊本市東区,モルディブ,永住者,1 
熊本県,熊本市東区,スペイン,永住者,1 
熊本県,熊本市東区,ネパール,技能,4 
熊本県,熊本市東区,中国,高度専門職１号ロ,3 
熊本県,熊本市東区,ナイジェリア,永住者,2 
熊本県,熊本市東区,タイ,技術・人文知識・国際業務,1 
熊本県,熊本市東区,米国,興行,2 
熊本県,熊本市東区,ベトナム,技術・人文知識・国際業務,51 
熊本県,熊本市東区,ベトナム,家族滞在,43 
熊本県,熊本市東区,ベトナム,日本人の配偶者等,7 
熊本県,熊本市東区,韓国,技術・人文知識・国際業務,6 
熊本県,熊本市東区,エジプト,高度専門職１号イ,1 
熊本県,熊本市東区,パキスタン,経営・管理,2 
熊本県,熊本市東区,シンガポール,永住者,5 
熊本県,熊本市東区,ネパール,技術・人文知識・国際業務,24 
熊本県,熊本市東区,メキシコ,永住者,1 
熊本県,熊本市東区,台湾,日本人の配偶者等,5 
熊本県,熊本市東区,スウェーデン,永住者,1 
熊本県,熊本市東区,中国,高度専門職１号イ,1 
熊本県,熊本市東区,ネパール,日本人の配偶者等,2 
熊本県,熊本市東区,ミャンマー,技術・人文知識・国際業務,9 
熊本県,熊本市東区,中国,永住者の配偶者等,3 
熊本県,熊本市東区,ロシア,永住者,1 
熊本県,熊本市東区,イタリア,日本人の配偶者等,2 
熊本県,熊本市東区,スリランカ,技術・人文知識・国際業務,4 
熊本県,熊本市東区,英国,日本人の配偶者等,2 
熊本県,熊本市東区,ベトナム,経営・管理,2 
熊本県,熊本市東区,バングラデシュ,技術・人文知識・国際業務,5 
熊本県,熊本市東区,スリランカ,日本人の配偶者等,4 
熊本県,熊本市東区,ベトナム,介護,2 
熊本県,熊本市東区,ネパール,家族滞在,28 
熊本県,熊本市東区,カナダ,日本人の配偶者等,2 
熊本県,熊本市東区,米国,特定活動,1 
熊本県,熊本市東区,コソボ共和国,永住者,1 
熊本県,熊本市東区,マレーシア,技術・人文知識・国際業務,2 
熊本県,熊本市東区,ベネズエラ,日本人の配偶者等,1 
熊本県,熊本市東区,カンボジア,特定技能１号,15 
熊本県,熊本市東区,ベトナム,特定技能１号,98 
熊本県,熊本市東区,フィリピン,技術・人文知識・国際業務,2 
熊本県,熊本市東区,ミャンマー,特定技能１号,15 
熊本県,熊本市東区,韓国,教授,2 
熊本県,熊本市東区,ミャンマー,特定活動,4 
熊本県,熊本市東区,中国,特定技能１号,6 
熊本県,熊本市東区,ミャンマー,技能実習３号ロ,2 
熊本県,熊本市東区,ベトナム,特定活動,10 
熊本県,熊本市東区,ネパール,留学,89 
熊本県,熊本市東区,ジンバブエ,家族滞在,1 
熊本県,熊本市東区,オーストラリア,日本人の配偶者等,1 
熊本県,熊本市東区,ドイツ,日本人の配偶者等,2 
熊本県,熊本市東区,パキスタン,技術・人文知識・国際業務,1 
熊本県,熊本市東区,フィリピン,特定技能１号,5 
熊本県,熊本市東区,中国,留学,60 
熊本県,熊本市東区,ブラジル,興行,1 
熊本県,熊本市東区,台湾,高度専門職１号ロ,36 
熊本県,熊本市東区,ベトナム,技能実習３号ロ,6 
熊本県,熊本市東区,韓国,家族滞在,4 
熊本県,熊本市東区,セネガル,技術・人文知識・国際業務,1 
熊本県,熊本市東区,マレーシア,留学,2 
熊本県,熊本市東区,カナダ,定住者,1 
熊本県,熊本市東区,モロッコ,日本人の配偶者等,1 
熊本県,熊本市東区,フィリピン,技能実習３号ロ,12 
熊本県,熊本市東区,カンボジア,特定活動,2 
熊本県,熊本市東区,パキスタン,日本人の配偶者等,1 
熊本県,熊本市東区,インドネシア,技能実習３号ロ,10 
熊本県,熊本市東区,ベトナム,留学,25 
熊本県,熊本市東区,南アフリカ共和国,教育,5 
熊本県,熊本市東区,米国,技術・人文知識・国際業務,5 
熊本県,熊本市東区,インドネシア,特定技能１号,30 
熊本県,熊本市東区,台湾,家族滞在,75 
熊本県,熊本市東区,スリランカ,家族滞在,4 
熊本県,熊本市東区,ベトナム,定住者,1 
熊本県,熊本市東区,フィリピン,教育,2 
熊本県,熊本市東区,台湾,留学,1 
熊本県,熊本市東区,インドネシア,留学,5 
熊本県,熊本市東区,モンゴル,技術・人文知識・国際業務,2 
熊本県,熊本市東区,トリニダード・トバゴ,技術・人文知識・国際業務,1 
熊本県,熊本市東区,ニュージーランド,教育,1 
熊本県,熊本市東区,リトアニア,技術・人文知識・国際業務,1 
熊本県,熊本市東区,マレーシア,家族滞在,1 
熊本県,熊本市東区,カンボジア,技能実習３号ロ,3 
熊本県,熊本市東区,フィンランド,教授,1 
熊本県,熊本市東区,カンボジア,日本人の配偶者等,1 
熊本県,熊本市東区,フランス,技術・人文知識・国際業務,2 
熊本県,熊本市東区,フランス,日本人の配偶者等,1 
熊本県,熊本市東区,フィリピン,技能実習２号ロ,10 
熊本県,熊本市東区,カンボジア,技能実習２号ロ,14 
熊本県,熊本市東区,ベトナム,技能実習２号ロ,47 
熊本県,熊本市東区,インドネシア,技能実習２号ロ,32 
熊本県,熊本市東区,南アフリカ共和国,家族滞在,1 
熊本県,熊本市東区,ミャンマー,教授,1 
熊本県,熊本市東区,ミャンマー,技能実習２号ロ,20 
熊本県,熊本市東区,バングラデシュ,家族滞在,7 
熊本県,熊本市東区,ニュージーランド,技術・人文知識・国際業務,1 
熊本県,熊本市東区,タイ,技能実習２号ロ,3 
熊本県,熊本市東区,エジプト,家族滞在,2 
熊本県,熊本市東区,韓国,企業内転勤,1 
熊本県,熊本市東区,インドネシア,技能実習２号イ,3 
熊本県,熊本市東区,カナダ,教育,4 
熊本県,熊本市東区,オーストラリア,教育,1 
熊本県,熊本市東区,インド,技術・人文知識・国際業務,1 
熊本県,熊本市東区,メキシコ,日本人の配偶者等,1 
熊本県,熊本市東区,英国,教育,3 
熊本県,熊本市東区,ジャマイカ,教育,1 
熊本県,熊本市東区,台湾,教育,5 
熊本県,熊本市東区,コロンビア,日本人の配偶者等,1 
熊本県,熊本市東区,中国,技能実習２号ロ,2 
熊本県,熊本市東区,パキスタン,家族滞在,4 
熊本県,熊本市東区,ルーマニア,特定活動,1 
熊本県,熊本市東区,フィリピン,家族滞在,1 
熊本県,熊本市東区,ネパール,特定技能１号,6 
熊本県,熊本市東区,米国,宗教,2 
熊本県,熊本市東区,ガーナ,留学,2 
熊本県,熊本市東区,韓国,留学,5 
熊本県,熊本市東区,シンガポール,教育,1 
熊本県,熊本市東区,インドネシア,家族滞在,4 
熊本県,熊本市東区,ベトナム,技能実習１号ロ,44 
熊本県,熊本市東区,インドネシア,技能実習１号ロ,37 
熊本県,熊本市東区,インド,技能実習１号ロ,8 
熊本県,熊本市東区,フィリピン,技能実習１号ロ,9 
熊本県,熊本市東区,カンボジア,技能実習１号ロ,14 
熊本県,熊本市東区,中国,技能実習１号ロ,6 
熊本県,熊本市東区,ウズベキスタン,技術・人文知識・国際業務,1 
熊本県,熊本市東区,インドネシア,技能実習１号イ,11 
熊本県,熊本市東区,ガーナ,家族滞在,1 
熊本県,熊本市東区,カナダ,技術・人文知識・国際業務,1 
熊本県,熊本市東区,ニュージーランド,教授,1 
熊本県,熊本市東区,韓国,特定活動,1 
熊本県,熊本市東区,インドネシア,技術・人文知識・国際業務,1 
熊本県,熊本市東区,台湾,企業内転勤,17 
熊本県,熊本市東区,ミャンマー,技能実習１号ロ,9 
熊本県,熊本市東区,中国,企業内転勤,1 
熊本県,熊本市東区,イラン,技術・人文知識・国際業務,1 
熊本県,熊本市東区,モンゴル,技能実習１号ロ,1 
熊本県,熊本市東区,ジブチ,留学,1 
熊本県,熊本市東区,セネガル,家族滞在,1 
熊本県,熊本市東区,フィンランド,留学,1 
熊本県,熊本市東区,イタリア,留学,1 
熊本県,熊本市東区,米国,家族滞在,5 
熊本県,熊本市東区,ミャンマー,家族滞在,1 
熊本県,熊本市東区,ドイツ,特定活動,1 
熊本県,熊本市東区,ネパール,技能実習１号ロ,4 
熊本県,熊本市東区,タイ,技能実習１号ロ,2 
熊本県,熊本市東区,米国,留学,2 
熊本県,熊本市東区,アイルランド,教育,2 
熊本県,熊本市東区,マレーシア,企業内転勤,1 
熊本県,熊本市東区,台湾,経営・管理,1 
熊本県,熊本市東区,英国,特定活動,1 
熊本県,熊本市東区,イスラエル,日本人の配偶者等,1 
熊本県,熊本市西区,中国,永住者,140 
熊本県,熊本市西区,韓国,特別永住者,24 
熊本県,熊本市西区,韓国,定住者,1 
熊本県,熊本市西区,朝鮮,特別永住者,1 
熊本県,熊本市西区,アイルランド,永住者,1 
熊本県,熊本市西区,無国籍,永住者,1 
熊本県,熊本市西区,米国,永住者,12 
熊本県,熊本市西区,フィリピン,永住者,33 
熊本県,熊本市西区,韓国,永住者,18 
熊本県,熊本市西区,中国,定住者,2 
熊本県,熊本市西区,フィンランド,永住者,1 
熊本県,熊本市西区,カナダ,永住者,5 
熊本県,熊本市西区,イタリア,宗教,1 
熊本県,熊本市西区,メキシコ,定住者,1 
熊本県,熊本市西区,ミャンマー,日本人の配偶者等,1 
熊本県,熊本市西区,台湾,永住者,5 
熊本県,熊本市西区,オランダ,永住者,1 
熊本県,熊本市西区,米国,日本人の配偶者等,7 
熊本県,熊本市西区,オーストラリア,永住者,1 
熊本県,熊本市西区,英国,技術・人文知識・国際業務,1 
熊本県,熊本市西区,英国,永住者,6 
熊本県,熊本市西区,中国,日本人の配偶者等,7 
熊本県,熊本市西区,ナイジェリア,永住者,1 
熊本県,熊本市西区,ルーマニア,永住者,1 
熊本県,熊本市西区,フィリピン,定住者,3 
熊本県,熊本市西区,米国,教授,2 
熊本県,熊本市西区,マレーシア,永住者,1 
熊本県,熊本市西区,中国,技能,2 
熊本県,熊本市西区,スリランカ,永住者,1 
熊本県,熊本市西区,スリランカ,家族滞在,5 
熊本県,熊本市西区,米国,技術・人文知識・国際業務,4 
熊本県,熊本市西区,スリランカ,経営・管理,1 
熊本県,熊本市西区,フランス,永住者,3 
熊本県,熊本市西区,中国,技術・人文知識・国際業務,12 
熊本県,熊本市西区,中国,永住者の配偶者等,16 
熊本県,熊本市西区,ネパール,技術・人文知識・国際業務,11 
熊本県,熊本市西区,中国,特定活動,1 
熊本県,熊本市西区,中国,経営・管理,3 
熊本県,熊本市西区,フィリピン,日本人の配偶者等,6 
熊本県,熊本市西区,中国,医療,1 
熊本県,熊本市西区,ベトナム,家族滞在,3 
熊本県,熊本市西区,ベトナム,技術・人文知識・国際業務,8 
熊本県,熊本市西区,ベトナム,宗教,1 
熊本県,熊本市西区,中国,家族滞在,13 
熊本県,熊本市西区,スリランカ,技術・人文知識・国際業務,2 
熊本県,熊本市西区,中国,介護,1 
熊本県,熊本市西区,オーストラリア,日本人の配偶者等,2 
熊本県,熊本市西区,ミャンマー,技術・人文知識・国際業務,4 
熊本県,熊本市西区,韓国,教授,1 
熊本県,熊本市西区,スリランカ,日本人の配偶者等,1 
熊本県,熊本市西区,ネパール,特定活動,1 
熊本県,熊本市西区,ネパール,家族滞在,17 
熊本県,熊本市西区,スリランカ,留学,4 
熊本県,熊本市西区,ベトナム,留学,6 
熊本県,熊本市西区,台湾,技術・人文知識・国際業務,5 
熊本県,熊本市西区,ケニア,定住者,1 
熊本県,熊本市西区,パキスタン,経営・管理,1 
熊本県,熊本市西区,ベトナム,介護,1 
熊本県,熊本市西区,中国,留学,40 
熊本県,熊本市西区,マレーシア,研究,1 
熊本県,熊本市西区,ベトナム,特定技能１号,98 
熊本県,熊本市西区,米国,教育,2 
熊本県,熊本市西区,イタリア,技術・人文知識・国際業務,2 
熊本県,熊本市西区,ネパール,介護,1 
熊本県,熊本市西区,ネパール,留学,13 
熊本県,熊本市西区,韓国,技術・人文知識・国際業務,7 
熊本県,熊本市西区,韓国,日本人の配偶者等,5 
熊本県,熊本市西区,ベトナム,日本人の配偶者等,1 
熊本県,熊本市西区,インドネシア,特定技能１号,31 
熊本県,熊本市西区,セネガル,日本人の配偶者等,1 
熊本県,熊本市西区,フィンランド,日本人の配偶者等,1 
熊本県,熊本市西区,ベトナム,永住者,2 
熊本県,熊本市西区,ニュージーランド,技術・人文知識・国際業務,1 
熊本県,熊本市西区,ネパール,特定技能１号,3 
熊本県,熊本市西区,インド,技能,3 
熊本県,熊本市西区,中国,特定技能１号,2 
熊本県,熊本市西区,タイ,特定活動,1 
熊本県,熊本市西区,ベトナム,特定活動,5 
熊本県,熊本市西区,タイ,特定技能１号,2 
熊本県,熊本市西区,フィリピン,介護,1 
熊本県,熊本市西区,エジプト,教授,1 
熊本県,熊本市西区,エジプト,家族滞在,3 
熊本県,熊本市西区,ラオス,特定技能１号,1 
熊本県,熊本市西区,スリランカ,技能,3 
熊本県,熊本市西区,カンボジア,特定技能１号,7 
熊本県,熊本市西区,中国,技能実習３号ロ,2 
熊本県,熊本市西区,フィリピン,留学,3 
熊本県,熊本市西区,インド,技術・人文知識・国際業務,1 
熊本県,熊本市西区,ネパール,技能,1 
熊本県,熊本市西区,オーストラリア,教育,1 
熊本県,熊本市西区,アイルランド,教育,1 
熊本県,熊本市西区,韓国,留学,2 
熊本県,熊本市西区,ガーナ,教授,1 
熊本県,熊本市西区,フランス,日本人の配偶者等,1 
熊本県,熊本市西区,タイ,技能実習３号ロ,3 
熊本県,熊本市西区,ガーナ,家族滞在,4 
熊本県,熊本市西区,ベトナム,技能実習２号ロ,89 
熊本県,熊本市西区,マレーシア,留学,2 
熊本県,熊本市西区,カナダ,日本人の配偶者等,2 
熊本県,熊本市西区,オーストラリア,経営・管理,1 
熊本県,熊本市西区,ミャンマー,特定技能１号,15 
熊本県,熊本市西区,タイ,技能実習２号ロ,11 
熊本県,熊本市西区,タイ,日本人の配偶者等,1 
熊本県,熊本市西区,カンボジア,技能実習２号ロ,11 
熊本県,熊本市西区,インドネシア,留学,1 
熊本県,熊本市西区,ロシア,技術・人文知識・国際業務,1 
熊本県,熊本市西区,インドネシア,技能実習２号ロ,8 
熊本県,熊本市西区,バングラデシュ,留学,1 
熊本県,熊本市西区,ミャンマー,技能実習２号ロ,9 
熊本県,熊本市西区,台湾,家族滞在,4 
熊本県,熊本市西区,オーストラリア,家族滞在,1 
熊本県,熊本市西区,英国,教育,1 
熊本県,熊本市西区,フィリピン,技能実習２号ロ,3 
熊本県,熊本市西区,台湾,日本人の配偶者等,2 
熊本県,熊本市西区,フィリピン,永住者の配偶者等,1 
熊本県,熊本市西区,台湾,企業内転勤,32 
熊本県,熊本市西区,フランス,高度専門職１号ロ,1 
熊本県,熊本市西区,フランス,特定活動,1 
熊本県,熊本市西区,カナダ,技術・人文知識・国際業務,1 
熊本県,熊本市西区,ベネズエラ,日本人の配偶者等,1 
熊本県,熊本市西区,ベネズエラ,定住者,1 
熊本県,熊本市西区,ガーナ,留学,3 
熊本県,熊本市西区,ベトナム,技能実習１号ロ,29 
熊本県,熊本市西区,ウクライナ,教授,1 
熊本県,熊本市西区,インドネシア,技能実習１号ロ,20 
熊本県,熊本市西区,中国,技能実習１号ロ,1 
熊本県,熊本市西区,台湾,留学,1 
熊本県,熊本市西区,パキスタン,留学,1 
熊本県,熊本市西区,エジプト,留学,1 
熊本県,熊本市西区,ジャマイカ,教育,1 
熊本県,熊本市西区,中国,文化活動,1 
熊本県,熊本市西区,カンボジア,特定活動,1 
熊本県,熊本市西区,ドイツ,特定活動,1 
熊本県,熊本市西区,ドイツ,留学,1 
熊本県,熊本市西区,ペルー,留学,1 
熊本県,熊本市西区,フィリピン,技能実習１号ロ,7 
熊本県,熊本市西区,フィリピン,家族滞在,3 
熊本県,熊本市西区,フィリピン,特定技能１号,7 
熊本県,熊本市西区,バングラデシュ,技能実習１号ロ,2 
熊本県,熊本市西区,台湾,高度専門職１号ロ,7 
熊本県,熊本市西区,ベトナム,企業内転勤,2 
熊本県,熊本市西区,カメルーン,留学,2 
熊本県,熊本市西区,ミャンマー,技能実習１号ロ,5 
熊本県,熊本市西区,カンボジア,技能実習１号ロ,2 
熊本県,熊本市西区,ロシア,留学,1 
熊本県,熊本市西区,カナダ,教育,1 
熊本県,熊本市西区,シンガポール,教育,1 
熊本県,熊本市西区,ニュージーランド,教育,1 
熊本県,熊本市西区,韓国,特定活動,1 
熊本県,熊本市西区,マレーシア,企業内転勤,1 
熊本県,熊本市南区,朝鮮,特別永住者,1 
熊本県,熊本市南区,韓国,特別永住者,29 
熊本県,熊本市南区,中国,永住者,90 
熊本県,熊本市南区,ブラジル,永住者,2 
熊本県,熊本市南区,インドネシア,永住者,3 
熊本県,熊本市南区,米国,永住者,7 
熊本県,熊本市南区,オーストラリア,永住者,3 
熊本県,熊本市南区,フィリピン,永住者,27 
熊本県,熊本市南区,フィリピン,定住者,13 
熊本県,熊本市南区,ナイジェリア,永住者,1 
熊本県,熊本市南区,韓国,永住者,7 
熊本県,熊本市南区,ブラジル,定住者,3 
熊本県,熊本市南区,メキシコ,永住者,3 
熊本県,熊本市南区,中国,日本人の配偶者等,10 
熊本県,熊本市南区,台湾,永住者,2 
熊本県,熊本市南区,ルーマニア,永住者,2 
熊本県,熊本市南区,フィリピン,日本人の配偶者等,14 
熊本県,熊本市南区,韓国,日本人の配偶者等,4 
熊本県,熊本市南区,シンガポール,永住者,1 
熊本県,熊本市南区,オーストラリア,教授,1 
熊本県,熊本市南区,チェコ,日本人の配偶者等,1 
熊本県,熊本市南区,中国,技能,6 
熊本県,熊本市南区,ネパール,経営・管理,1 
熊本県,熊本市南区,ベリーズ,永住者,1 
熊本県,熊本市南区,ニュージーランド,永住者,2 
熊本県,熊本市南区,中国,家族滞在,13 
熊本県,熊本市南区,中国,経営・管理,3 
熊本県,熊本市南区,タイ,日本人の配偶者等,2 
熊本県,熊本市南区,中国,永住者の配偶者等,4 
熊本県,熊本市南区,英国,永住者,1 
熊本県,熊本市南区,パキスタン,技術・人文知識・国際業務,11 
熊本県,熊本市南区,ネパール,家族滞在,7 
熊本県,熊本市南区,中国,定住者,4 
熊本県,熊本市南区,ロシア,日本人の配偶者等,2 
熊本県,熊本市南区,中国,技術・人文知識・国際業務,7 
熊本県,熊本市南区,ベトナム,永住者,2 
熊本県,熊本市南区,トルコ,永住者,1 
熊本県,熊本市南区,パキスタン,経営・管理,3 
熊本県,熊本市南区,ネパール,技術・人文知識・国際業務,7 
熊本県,熊本市南区,オーストラリア,日本人の配偶者等,1 
熊本県,熊本市南区,カナダ,日本人の配偶者等,1 
熊本県,熊本市南区,米国,日本人の配偶者等,6 
熊本県,熊本市南区,ネパール,技能,4 
熊本県,熊本市南区,タイ,永住者,1 
熊本県,熊本市南区,パキスタン,家族滞在,19 
熊本県,熊本市南区,イスラエル,日本人の配偶者等,1 
熊本県,熊本市南区,ドイツ,日本人の配偶者等,1 
熊本県,熊本市南区,スーダン,永住者,4 
熊本県,熊本市南区,ベトナム,技術・人文知識・国際業務,28 
熊本県,熊本市南区,フィリピン,技術・人文知識・国際業務,1 
熊本県,熊本市南区,韓国,技術・人文知識・国際業務,2 
熊本県,熊本市南区,フィリピン,家族滞在,4 
熊本県,熊本市南区,アフガニスタン,技術・人文知識・国際業務,1 
熊本県,熊本市南区,南アフリカ共和国,技術・人文知識・国際業務,2 
熊本県,熊本市南区,バングラデシュ,技術・人文知識・国際業務,3 
熊本県,熊本市南区,中国,特定活動,1 
熊本県,熊本市南区,ベトナム,特定技能１号,77 
熊本県,熊本市南区,スリランカ,留学,1 
熊本県,熊本市南区,スリランカ,技術・人文知識・国際業務,3 
熊本県,熊本市南区,フィリピン,特定活動,4 
熊本県,熊本市南区,モンゴル,特定技能１号,1 
熊本県,熊本市南区,ネパール,特定技能１号,4 
熊本県,熊本市南区,ベトナム,技能実習３号ロ,31 
熊本県,熊本市南区,カンボジア,特定技能１号,20 
熊本県,熊本市南区,ベトナム,特定活動,10 
熊本県,熊本市南区,インドネシア,特定技能１号,23 
熊本県,熊本市南区,中国,留学,3 
熊本県,熊本市南区,中国,高度専門職１号ロ,1 
熊本県,熊本市南区,フィリピン,特定技能１号,13 
熊本県,熊本市南区,タイ,特定技能１号,2 
熊本県,熊本市南区,インドネシア,特定活動,2 
熊本県,熊本市南区,フィリピン,技能実習３号ロ,13 
熊本県,熊本市南区,ミャンマー,特定技能１号,10 
熊本県,熊本市南区,米国,興行,1 
熊本県,熊本市南区,米国,家族滞在,8 
熊本県,熊本市南区,カンボジア,日本人の配偶者等,1 
熊本県,熊本市南区,中国,技能実習３号ロ,4 
熊本県,熊本市南区,ベトナム,家族滞在,6 
熊本県,熊本市南区,フィリピン,技能実習３号イ,1 
熊本県,熊本市南区,インドネシア,日本人の配偶者等,4 
熊本県,熊本市南区,ネパール,留学,2 
熊本県,熊本市南区,カンボジア,技能実習３号ロ,7 
熊本県,熊本市南区,カナダ,教育,1 
熊本県,熊本市南区,シンガポール,教育,1 
熊本県,熊本市南区,パキスタン,技能,1 
熊本県,熊本市南区,インドネシア,技能実習３号ロ,14 
熊本県,熊本市南区,タイ,技能実習３号ロ,1 
熊本県,熊本市南区,中国,特定技能１号,5 
熊本県,熊本市南区,ベトナム,技能実習２号ロ,70 
熊本県,熊本市南区,インドネシア,技能実習２号ロ,77 
熊本県,熊本市南区,中国,技能実習２号ロ,3 
熊本県,熊本市南区,ミャンマー,技能実習２号ロ,33 
熊本県,熊本市南区,フィリピン,技能実習２号ロ,26 
熊本県,熊本市南区,フランス,日本人の配偶者等,1 
熊本県,熊本市南区,カンボジア,技能実習２号ロ,30 
熊本県,熊本市南区,ドイツ,留学,1 
熊本県,熊本市南区,タイ,技能実習２号ロ,2 
熊本県,熊本市南区,米国,教育,3 
熊本県,熊本市南区,ラオス,技能実習２号ロ,4 
熊本県,熊本市南区,ブラジル,日本人の配偶者等,1 
熊本県,熊本市南区,英国,教育,1 
熊本県,熊本市南区,南アフリカ共和国,教育,1 
熊本県,熊本市南区,バングラデシュ,家族滞在,2 
熊本県,熊本市南区,インドネシア,技術・人文知識・国際業務,3 
熊本県,熊本市南区,ミャンマー,技術・人文知識・国際業務,4 
熊本県,熊本市南区,スリランカ,家族滞在,2 
熊本県,熊本市南区,オーストラリア,教育,1 
熊本県,熊本市南区,カンボジア,技能実習１号ロ,16 
熊本県,熊本市南区,中国,技能実習１号ロ,6 
熊本県,熊本市南区,フィリピン,技能実習１号ロ,20 
熊本県,熊本市南区,ベトナム,技能実習１号ロ,39 
熊本県,熊本市南区,インドネシア,技能実習１号ロ,104 
熊本県,熊本市南区,ミャンマー,技能実習１号ロ,46 
熊本県,熊本市南区,カメルーン,技術・人文知識・国際業務,1 
熊本県,熊本市南区,スリランカ,技能実習１号ロ,1 
熊本県,熊本市南区,フィリピン,留学,1 
熊本県,熊本市南区,スリランカ,特定技能１号,3 
熊本県,熊本市南区,タイ,技能実習１号ロ,3 
熊本県,熊本市南区,ニュージーランド,教育,2 
熊本県,熊本市南区,ラオス,技能実習１号ロ,3 
熊本県,熊本市南区,ニュージーランド,特定活動,1 
熊本県,熊本市南区,バングラデシュ,日本人の配偶者等,1 
熊本県,熊本市南区,ベトナム,日本人の配偶者等,1 
熊本県,熊本市南区,ベトナム,定住者,1 
熊本県,熊本市北区,フィリピン,永住者,66 
熊本県,熊本市北区,韓国,特別永住者,32 
熊本県,熊本市北区,朝鮮,特別永住者,2 
熊本県,熊本市北区,中国,永住者,106 
熊本県,熊本市北区,米国,永住者,15 
熊本県,熊本市北区,英国,永住者,5 
熊本県,熊本市北区,無国籍,永住者,1 
熊本県,熊本市北区,韓国,永住者,23 
熊本県,熊本市北区,タイ,永住者,5 
熊本県,熊本市北区,ミャンマー,永住者,2 
熊本県,熊本市北区,ブラジル,永住者,3 
熊本県,熊本市北区,パキスタン,永住者,2 
熊本県,熊本市北区,台湾,永住者,10 
熊本県,熊本市北区,オーストラリア,永住者,4 
熊本県,熊本市北区,中国,定住者,8 
熊本県,熊本市北区,オランダ,永住者,1 
熊本県,熊本市北区,米国,日本人の配偶者等,9 
熊本県,熊本市北区,オーストラリア,日本人の配偶者等,4 
熊本県,熊本市北区,ブラジル,定住者,5 
熊本県,熊本市北区,ベトナム,永住者,4 
熊本県,熊本市北区,ドイツ,永住者,2 
熊本県,熊本市北区,中国,永住者の配偶者等,2 
熊本県,熊本市北区,ロシア,永住者,1 
熊本県,熊本市北区,インドネシア,永住者,3 
熊本県,熊本市北区,フィリピン,定住者,8 
熊本県,熊本市北区,マレーシア,永住者,1 
熊本県,熊本市北区,韓国,日本人の配偶者等,8 
熊本県,熊本市北区,ペルー,永住者,1 
熊本県,熊本市北区,インドネシア,日本人の配偶者等,4 
熊本県,熊本市北区,メキシコ,定住者,1 
熊本県,熊本市北区,韓国,宗教,1 
熊本県,熊本市北区,ブルガリア,技能,1 
熊本県,熊本市北区,インドネシア,定住者,2 
熊本県,熊本市北区,モルドバ,永住者,1 
熊本県,熊本市北区,中国,技術・人文知識・国際業務,21 
熊本県,熊本市北区,ニュージーランド,永住者,1 
熊本県,熊本市北区,中国,経営・管理,3 
熊本県,熊本市北区,ネパール,永住者,4 
熊本県,熊本市北区,フィリピン,日本人の配偶者等,12 
熊本県,熊本市北区,中国,日本人の配偶者等,7 
熊本県,熊本市北区,中国,家族滞在,10 
熊本県,熊本市北区,中国,特定活動,2 
熊本県,熊本市北区,ネパール,技能,3 
熊本県,熊本市北区,タイ,日本人の配偶者等,2 
熊本県,熊本市北区,ネパール,経営・管理,1 
熊本県,熊本市北区,中国,技能,2 
熊本県,熊本市北区,中国,留学,10 
熊本県,熊本市北区,パキスタン,永住者の配偶者等,3 
熊本県,熊本市北区,ネパール,技術・人文知識・国際業務,25 
熊本県,熊本市北区,ベトナム,技術・人文知識・国際業務,75 
熊本県,熊本市北区,カナダ,永住者,2 
熊本県,熊本市北区,スリランカ,技術・人文知識・国際業務,3 
熊本県,熊本市北区,マレーシア,技術・人文知識・国際業務,2 
熊本県,熊本市北区,ベトナム,家族滞在,33 
熊本県,熊本市北区,ギニア,日本人の配偶者等,1 
熊本県,熊本市北区,パキスタン,経営・管理,2 
熊本県,熊本市北区,中国,高度専門職１号イ,1 
熊本県,熊本市北区,タイ,技術・人文知識・国際業務,1 
熊本県,熊本市北区,スペイン,日本人の配偶者等,1 
熊本県,熊本市北区,タイ,定住者,2 
熊本県,熊本市北区,ウズベキスタン,永住者,1 
熊本県,熊本市北区,英国,教授,2 
熊本県,熊本市北区,ミャンマー,技術・人文知識・国際業務,4 
熊本県,熊本市北区,ベトナム,特定活動,7 
熊本県,熊本市北区,ルーマニア,日本人の配偶者等,1 
熊本県,熊本市北区,ネパール,家族滞在,19 
熊本県,熊本市北区,台湾,技術・人文知識・国際業務,35 
熊本県,熊本市北区,韓国,留学,1 
熊本県,熊本市北区,ロシア,日本人の配偶者等,1 
熊本県,熊本市北区,フィリピン,技術・人文知識・国際業務,25 
熊本県,熊本市北区,韓国,教授,1 
熊本県,熊本市北区,フィリピン,教育,1 
熊本県,熊本市北区,ジャマイカ,技術・人文知識・国際業務,1 
熊本県,熊本市北区,ベトナム,特定技能１号,136 
熊本県,熊本市北区,英国,技術・人文知識・国際業務,2 
熊本県,熊本市北区,オーストラリア,教育,1 
熊本県,熊本市北区,韓国,技術・人文知識・国際業務,6 
熊本県,熊本市北区,中国,特定技能１号,10 
熊本県,熊本市北区,ネパール,留学,71 
熊本県,熊本市北区,スリランカ,家族滞在,5 
熊本県,熊本市北区,ベトナム,日本人の配偶者等,9 
熊本県,熊本市北区,台湾,日本人の配偶者等,2 
熊本県,熊本市北区,ベトナム,技能実習３号ロ,25 
熊本県,熊本市北区,台湾,高度専門職１号ロ,60 
熊本県,熊本市北区,タイ,特定技能１号,10 
熊本県,熊本市北区,ロシア,技術・人文知識・国際業務,2 
熊本県,熊本市北区,英国,教育,3 
熊本県,熊本市北区,フィリピン,技能実習３号イ,2 
熊本県,熊本市北区,タイ,技能実習３号ロ,2 
熊本県,熊本市北区,フィリピン,永住者の配偶者等,2 
熊本県,熊本市北区,カンボジア,特定技能１号,17 
熊本県,熊本市北区,パキスタン,家族滞在,1 
熊本県,熊本市北区,インドネシア,技能実習３号ロ,5 
熊本県,熊本市北区,インドネシア,特定活動,3 
熊本県,熊本市北区,インド,技術・人文知識・国際業務,2 
熊本県,熊本市北区,ベトナム,介護,4 
熊本県,熊本市北区,ブラジル,日本人の配偶者等,1 
熊本県,熊本市北区,フィリピン,特定技能１号,14 
熊本県,熊本市北区,カンボジア,技能実習３号ロ,1 
熊本県,熊本市北区,米国,教育,1 
熊本県,熊本市北区,シリア,特定活動,1 
熊本県,熊本市北区,フィリピン,技能実習３号ロ,2 
熊本県,熊本市北区,ミャンマー,特定技能１号,8 
熊本県,熊本市北区,台湾,家族滞在,120 
熊本県,熊本市北区,ベトナム,留学,1 
熊本県,熊本市北区,パキスタン,日本人の配偶者等,1 
熊本県,熊本市北区,韓国,永住者の配偶者等,1 
熊本県,熊本市北区,マレーシア,家族滞在,2 
熊本県,熊本市北区,ベトナム,技能実習２号ロ,87 
熊本県,熊本市北区,インド,技能,2 
熊本県,熊本市北区,インドネシア,特定技能１号,30 
熊本県,熊本市北区,オーストラリア,家族滞在,2 
熊本県,熊本市北区,オーストラリア,教授,1 
熊本県,熊本市北区,フィリピン,技能実習２号イ,1 
熊本県,熊本市北区,ミャンマー,技能実習２号ロ,6 
熊本県,熊本市北区,インドネシア,技能実習２号ロ,17 
熊本県,熊本市北区,セネガル,日本人の配偶者等,1 
熊本県,熊本市北区,韓国,企業内転勤,2 
熊本県,熊本市北区,チャド,留学,1 
熊本県,熊本市北区,米国,企業内転勤,2 
熊本県,熊本市北区,フィリピン,技能実習２号ロ,15 
熊本県,熊本市北区,中国,技能実習２号ロ,2 
熊本県,熊本市北区,フィリピン,留学,2 
熊本県,熊本市北区,カンボジア,日本人の配偶者等,1 
熊本県,熊本市北区,タイ,技能実習２号ロ,3 
熊本県,熊本市北区,メキシコ,日本人の配偶者等,2 
熊本県,熊本市北区,ネパール,特定技能１号,17 
熊本県,熊本市北区,アフガニスタン,留学,1 
熊本県,熊本市北区,ウズベキスタン,技術・人文知識・国際業務,1 
熊本県,熊本市北区,ギニア,定住者,1 
熊本県,熊本市北区,台湾,企業内転勤,70 
熊本県,熊本市北区,ミャンマー,家族滞在,1 
熊本県,熊本市北区,ウクライナ,特定活動,1 
熊本県,熊本市北区,南アフリカ共和国,教育,1 
熊本県,熊本市北区,ミャンマー,特定活動,3 
熊本県,熊本市北区,カンボジア,技能実習２号ロ,7 
熊本県,熊本市北区,インドネシア,留学,1 
熊本県,熊本市北区,フィリピン,特定活動,2 
熊本県,熊本市北区,ベトナム,技能実習１号ロ,78 
熊本県,熊本市北区,ミャンマー,技能実習１号ロ,7 
熊本県,熊本市北区,カンボジア,技能実習１号ロ,19 
熊本県,熊本市北区,フィリピン,技能実習１号ロ,23 
熊本県,熊本市北区,インドネシア,技能実習１号ロ,65 
熊本県,熊本市北区,パキスタン,技術・人文知識・国際業務,2 
熊本県,熊本市北区,タイ,技能実習１号ロ,6 
熊本県,熊本市北区,アフガニスタン,家族滞在,5 
熊本県,熊本市北区,バングラデシュ,技能実習１号ロ,2 
熊本県,熊本市北区,英国,日本人の配偶者等,1 
熊本県,熊本市北区,韓国,家族滞在,2 
熊本県,熊本市北区,フィンランド,留学,1 
熊本県,熊本市北区,ロシア,留学,1 
熊本県,熊本市北区,マレーシア,高度専門職１号ロ,2 
熊本県,熊本市北区,台湾,特定活動,1 
熊本県,熊本市北区,シンガポール,技術・人文知識・国際業務,1 
熊本県,熊本市北区,米国,家族滞在,1 
熊本県,熊本市北区,ウズベキスタン,家族滞在,4 
熊本県,熊本市北区,中国,技能実習１号ロ,2 
熊本県,熊本市北区,インドネシア,技術・人文知識・国際業務,1 
熊本県,熊本市北区,台湾,経営・管理,1 
熊本県,八代市,韓国,特別永住者,19 
熊本県,八代市,朝鮮,特別永住者,15 
熊本県,八代市,中国,定住者,12 
熊本県,八代市,中国,永住者,94 
熊本県,八代市,南アフリカ共和国,永住者,1 
熊本県,八代市,シンガポール,永住者,2 
熊本県,八代市,アイルランド,永住者,1 
熊本県,八代市,フィリピン,永住者,91 
熊本県,八代市,タイ,定住者,1 
熊本県,八代市,台湾,永住者,4 
熊本県,八代市,ブラジル,永住者,1 
熊本県,八代市,カナダ,永住者,1 
熊本県,八代市,フィリピン,定住者,33 
熊本県,八代市,タイ,永住者,4 
熊本県,八代市,韓国,永住者,3 
熊本県,八代市,英国,永住者,2 
熊本県,八代市,タイ,日本人の配偶者等,4 
熊本県,八代市,フィリピン,日本人の配偶者等,35 
熊本県,八代市,中国,技術・人文知識・国際業務,10 
熊本県,八代市,モンゴル,永住者,3 
熊本県,八代市,中国,日本人の配偶者等,18 
熊本県,八代市,ウズベキスタン,永住者,1 
熊本県,八代市,セネガル,永住者,3 
熊本県,八代市,オーストラリア,永住者,2 
熊本県,八代市,ブラジル,定住者,4 
熊本県,八代市,ベトナム,永住者,4 
熊本県,八代市,中国,経営・管理,2 
熊本県,八代市,韓国,日本人の配偶者等,4 
熊本県,八代市,ベトナム,技術・人文知識・国際業務,82 
熊本県,八代市,台湾,特定活動,1 
熊本県,八代市,オーストラリア,日本人の配偶者等,1 
熊本県,八代市,中国,永住者の配偶者等,5 
熊本県,八代市,中国,技能,2 
熊本県,八代市,中国,家族滞在,3 
熊本県,八代市,フィリピン,技術・人文知識・国際業務,25 
熊本県,八代市,米国,永住者,1 
熊本県,八代市,ロシア,日本人の配偶者等,1 
熊本県,八代市,ネパール,技能,2 
熊本県,八代市,インド,技能,2 
熊本県,八代市,ネパール,技術・人文知識・国際業務,12 
熊本県,八代市,パキスタン,経営・管理,1 
熊本県,八代市,ネパール,永住者,1 
熊本県,八代市,ベトナム,高度専門職１号ロ,1 
熊本県,八代市,ベトナム,特定技能１号,364 
熊本県,八代市,ベトナム,家族滞在,19 
熊本県,八代市,中国,高度専門職１号ロ,2 
熊本県,八代市,台湾,永住者の配偶者等,1 
熊本県,八代市,カンボジア,特定技能１号,106 
熊本県,八代市,フィリピン,特定技能１号,266 
熊本県,八代市,インドネシア,日本人の配偶者等,4 
熊本県,八代市,タイ,技術・人文知識・国際業務,2 
熊本県,八代市,ミャンマー,特定技能１号,12 
熊本県,八代市,ベトナム,技能実習３号ロ,109 
熊本県,八代市,ベトナム,特定活動,17 
熊本県,八代市,カンボジア,介護,15 
熊本県,八代市,中国,特定技能１号,49 
熊本県,八代市,フィリピン,特定活動,5 
熊本県,八代市,フランス,技術・人文知識・国際業務,1 
熊本県,八代市,ネパール,家族滞在,14 
熊本県,八代市,マレーシア,技術・人文知識・国際業務,1 
熊本県,八代市,中国,技能実習３号ロ,30 
熊本県,八代市,モンゴル,日本人の配偶者等,1 
熊本県,八代市,カンボジア,技能実習３号ロ,21 
熊本県,八代市,タイ,特定活動,1 
熊本県,八代市,タイ,特定技能１号,8 
熊本県,八代市,インドネシア,技術・人文知識・国際業務,5 
熊本県,八代市,カンボジア,特定活動,9 
熊本県,八代市,フィリピン,技能実習３号ロ,102 
熊本県,八代市,インドネシア,技能実習３号ロ,9 
熊本県,八代市,タイ,技能実習３号ロ,8 
熊本県,八代市,ベトナム,日本人の配偶者等,5 
熊本県,八代市,シンガポール,日本人の配偶者等,1 
熊本県,八代市,フィリピン,永住者の配偶者等,2 
熊本県,八代市,パキスタン,日本人の配偶者等,1 
熊本県,八代市,ミャンマー,技術・人文知識・国際業務,4 
熊本県,八代市,中国,留学,3 
熊本県,八代市,トリニダード・トバゴ,教育,1 
熊本県,八代市,米国,技術・人文知識・国際業務,1 
熊本県,八代市,カンボジア,技術・人文知識・国際業務,2 
熊本県,八代市,インドネシア,特定技能１号,104 
熊本県,八代市,フランス,日本人の配偶者等,1 
熊本県,八代市,インドネシア,特定活動,6 
熊本県,八代市,フィリピン,技能実習２号ロ,257 
熊本県,八代市,中国,技能実習２号ロ,35 
熊本県,八代市,ベトナム,技能実習２号ロ,320 
熊本県,八代市,カンボジア,技能実習２号ロ,197 
熊本県,八代市,インドネシア,技能実習２号ロ,136 
熊本県,八代市,タイ,留学,15 
熊本県,八代市,タイ,介護,1 
熊本県,八代市,タイ,技能実習２号ロ,21 
熊本県,八代市,バングラデシュ,技能実習２号ロ,6 
熊本県,八代市,米国,日本人の配偶者等,3 
熊本県,八代市,韓国,技術・人文知識・国際業務,8 
熊本県,八代市,チュニジア,留学,1 
熊本県,八代市,ミャンマー,技能実習２号ロ,18 
熊本県,八代市,ナイジェリア,技術・人文知識・国際業務,1 
熊本県,八代市,マレーシア,留学,3 
熊本県,八代市,モンゴル,留学,1 
熊本県,八代市,カンボジア,留学,11 
熊本県,八代市,米国,教育,13 
熊本県,八代市,ベトナム,留学,1 
熊本県,八代市,ネパール,技能実習２号ロ,1 
熊本県,八代市,フィリピン,家族滞在,4 
熊本県,八代市,ネパール,特定技能１号,5 
熊本県,八代市,チェコ,日本人の配偶者等,1 
熊本県,八代市,セネガル,定住者,1 
熊本県,八代市,ラオス,留学,1 
熊本県,八代市,インドネシア,企業内転勤,4 
熊本県,八代市,インドネシア,留学,3 
熊本県,八代市,中国,技能実習１号ロ,23 
熊本県,八代市,セネガル,永住者の配偶者等,1 
熊本県,八代市,英国,教育,1 
熊本県,八代市,スリランカ,技能実習２号ロ,2 
熊本県,八代市,ミャンマー,技能実習１号ロ,25 
熊本県,八代市,フィリピン,技能実習１号ロ,257 
熊本県,八代市,ベトナム,技能実習１号ロ,161 
熊本県,八代市,カンボジア,技能実習１号ロ,125 
熊本県,八代市,インド,技能実習１号ロ,2 
熊本県,八代市,インドネシア,技能実習１号ロ,153 
熊本県,八代市,タイ,技能実習１号ロ,13 
熊本県,八代市,中国,特定活動,2 
熊本県,八代市,バングラデシュ,技能実習１号ロ,3 
熊本県,八代市,台湾,技術・人文知識・国際業務,1 
熊本県,八代市,インドネシア,興行,11 
熊本県,八代市,タイ,興行,8 
熊本県,八代市,カナダ,教育,1 
熊本県,八代市,ボリビア,永住者,1 
熊本県,八代市,スリランカ,技能実習１号ロ,3 
熊本県,八代市,インドネシア,家族滞在,1 
熊本県,八代市,ベトナム,定住者,1 
熊本県,人吉市,韓国,特別永住者,7 
熊本県,人吉市,オーストラリア,永住者,1 
熊本県,人吉市,フィリピン,永住者,23 
熊本県,人吉市,韓国,永住者,1 
熊本県,人吉市,ブラジル,永住者,2 
熊本県,人吉市,ルーマニア,永住者,1 
熊本県,人吉市,中国,永住者,2 
熊本県,人吉市,中国,経営・管理,2 
熊本県,人吉市,中国,家族滞在,5 
熊本県,人吉市,フィリピン,定住者,4 
熊本県,人吉市,フィリピン,日本人の配偶者等,3 
熊本県,人吉市,米国,技術・人文知識・国際業務,1 
熊本県,人吉市,米国,日本人の配偶者等,3 
熊本県,人吉市,中国,技能,1 
熊本県,人吉市,韓国,技術・人文知識・国際業務,3 
熊本県,人吉市,ベトナム,日本人の配偶者等,3 
熊本県,人吉市,インドネシア,日本人の配偶者等,1 
熊本県,人吉市,中国,日本人の配偶者等,2 
熊本県,人吉市,ベトナム,技術・人文知識・国際業務,43 
熊本県,人吉市,ネパール,技術・人文知識・国際業務,16 
熊本県,人吉市,ネパール,技能,2 
熊本県,人吉市,インドネシア,特定活動,10 
熊本県,人吉市,ベトナム,家族滞在,5 
熊本県,人吉市,タイ,永住者,1 
熊本県,人吉市,スリランカ,技術・人文知識・国際業務,1 
熊本県,人吉市,スリランカ,家族滞在,1 
熊本県,人吉市,ベトナム,特定技能１号,9 
熊本県,人吉市,ロシア,技術・人文知識・国際業務,1 
熊本県,人吉市,米国,教育,3 
熊本県,人吉市,ベトナム,技能実習３号ロ,10 
熊本県,人吉市,ネパール,家族滞在,5 
熊本県,人吉市,台湾,日本人の配偶者等,1 
熊本県,人吉市,カンボジア,技能実習３号ロ,7 
熊本県,人吉市,台湾,技術・人文知識・国際業務,2 
熊本県,人吉市,カンボジア,技術・人文知識・国際業務,3 
熊本県,人吉市,台湾,特定技能１号,1 
熊本県,人吉市,フィリピン,特定技能１号,2 
熊本県,人吉市,フランス,技術・人文知識・国際業務,1 
熊本県,人吉市,インドネシア,特定技能１号,23 
熊本県,人吉市,ベトナム,技能実習２号ロ,32 
熊本県,人吉市,インドネシア,技能実習３号ロ,1 
熊本県,人吉市,フィリピン,教育,2 
熊本県,人吉市,中国,特定技能１号,2 
熊本県,人吉市,インドネシア,技能実習２号ロ,15 
熊本県,人吉市,フィリピン,技能実習２号ロ,3 
熊本県,人吉市,韓国,日本人の配偶者等,2 
熊本県,人吉市,フィリピン,家族滞在,2 
熊本県,人吉市,カンボジア,技能実習２号ロ,5 
熊本県,人吉市,インド,特定技能１号,2 
熊本県,人吉市,ミャンマー,技能実習２号ロ,5 
熊本県,人吉市,ベトナム,技能実習１号ロ,24 
熊本県,人吉市,インドネシア,技能実習１号ロ,13 
熊本県,人吉市,オーストラリア,教育,1 
熊本県,人吉市,ミャンマー,技能実習１号ロ,11 
熊本県,人吉市,インドネシア,技術・人文知識・国際業務,1 
熊本県,人吉市,フィリピン,技能実習１号ロ,4 
熊本県,人吉市,英国,永住者,1 
熊本県,人吉市,台湾,特定活動,5 
熊本県,人吉市,オーストリア,日本人の配偶者等,1 
熊本県,人吉市,カンボジア,技能実習１号ロ,3 
熊本県,人吉市,ミャンマー,日本人の配偶者等,1 
熊本県,人吉市,スリランカ,特定技能１号,3 
熊本県,人吉市,中国,技能実習１号ロ,1 
熊本県,荒尾市,韓国,特別永住者,20 
熊本県,荒尾市,韓国,永住者,10 
熊本県,荒尾市,朝鮮,特別永住者,1 
熊本県,荒尾市,英国,永住者,1 
熊本県,荒尾市,フィリピン,永住者,26 
熊本県,荒尾市,中国,永住者,21 
熊本県,荒尾市,マレーシア,永住者,1 
熊本県,荒尾市,ネパール,永住者,1 
熊本県,荒尾市,ブラジル,定住者,1 
熊本県,荒尾市,モーリシャス,永住者,1 
熊本県,荒尾市,フィリピン,定住者,9 
熊本県,荒尾市,韓国,宗教,2 
熊本県,荒尾市,中国,技術・人文知識・国際業務,2 
熊本県,荒尾市,インドネシア,永住者,2 
熊本県,荒尾市,中国,日本人の配偶者等,6 
熊本県,荒尾市,ベトナム,経営・管理,1 
熊本県,荒尾市,ロシア,永住者,2 
熊本県,荒尾市,中国,経営・管理,2 
熊本県,荒尾市,マレーシア,日本人の配偶者等,1 
熊本県,荒尾市,中国,技能,3 
熊本県,荒尾市,パキスタン,技術・人文知識・国際業務,5 
熊本県,荒尾市,韓国,日本人の配偶者等,1 
熊本県,荒尾市,フィリピン,日本人の配偶者等,7 
熊本県,荒尾市,中国,家族滞在,4 
熊本県,荒尾市,インド,技能,1 
熊本県,荒尾市,ミャンマー,技術・人文知識・国際業務,3 
熊本県,荒尾市,スウェーデン,定住者,1 
熊本県,荒尾市,オーストラリア,日本人の配偶者等,1 
熊本県,荒尾市,韓国,技術・人文知識・国際業務,4 
熊本県,荒尾市,パキスタン,経営・管理,1 
熊本県,荒尾市,ベトナム,日本人の配偶者等,3 
熊本県,荒尾市,韓国,家族滞在,1 
熊本県,荒尾市,米国,教育,3 
熊本県,荒尾市,ベトナム,技術・人文知識・国際業務,9 
熊本県,荒尾市,ベトナム,技能実習３号ロ,11 
熊本県,荒尾市,ミャンマー,特定活動,3 
熊本県,荒尾市,ミャンマー,特定技能１号,9 
熊本県,荒尾市,フィリピン,特定技能１号,15 
熊本県,荒尾市,中国,定住者,2 
熊本県,荒尾市,台湾,永住者,1 
熊本県,荒尾市,ベトナム,特定活動,2 
熊本県,荒尾市,ネパール,技術・人文知識・国際業務,1 
熊本県,荒尾市,ベトナム,特定技能１号,22 
熊本県,荒尾市,アフガニスタン,技術・人文知識・国際業務,2 
熊本県,荒尾市,英国,日本人の配偶者等,1 
熊本県,荒尾市,タイ,技能実習３号ロ,2 
熊本県,荒尾市,中国,技能実習３号ロ,9 
熊本県,荒尾市,カナダ,日本人の配偶者等,1 
熊本県,荒尾市,パキスタン,家族滞在,1 
熊本県,荒尾市,カンボジア,特定技能１号,1 
熊本県,荒尾市,ミャンマー,企業内転勤,2 
熊本県,荒尾市,ミャンマー,技能実習３号ロ,4 
熊本県,荒尾市,タイ,特定技能１号,4 
熊本県,荒尾市,カナダ,教育,3 
熊本県,荒尾市,中国,特定技能１号,2 
熊本県,荒尾市,ベトナム,家族滞在,3 
熊本県,荒尾市,タイ,技能実習２号ロ,4 
熊本県,荒尾市,ベトナム,技能実習２号ロ,21 
熊本県,荒尾市,フィリピン,技能実習２号ロ,6 
熊本県,荒尾市,ウズベキスタン,特定活動,1 
熊本県,荒尾市,ミャンマー,技能実習２号ロ,18 
熊本県,荒尾市,モンゴル,留学,2 
熊本県,荒尾市,インドネシア,技能実習２号ロ,4 
熊本県,荒尾市,マレーシア,留学,1 
熊本県,荒尾市,インドネシア,特定技能１号,22 
熊本県,荒尾市,タイ,日本人の配偶者等,1 
熊本県,荒尾市,シンガポール,技術・人文知識・国際業務,1 
熊本県,荒尾市,台湾,日本人の配偶者等,1 
熊本県,荒尾市,台湾,企業内転勤,1 
熊本県,荒尾市,台湾,家族滞在,2 
熊本県,荒尾市,ラオス,留学,1 
熊本県,荒尾市,ケニア,留学,1 
熊本県,荒尾市,ミャンマー,家族滞在,1 
熊本県,荒尾市,ウズベキスタン,技能実習２号ロ,1 
熊本県,荒尾市,フィリピン,技術・人文知識・国際業務,1 
熊本県,荒尾市,スリランカ,日本人の配偶者等,1 
熊本県,荒尾市,中国,技能実習２号ロ,2 
熊本県,荒尾市,カンボジア,技術・人文知識・国際業務,1 
熊本県,荒尾市,インドネシア,技能実習３号ロ,4 
熊本県,荒尾市,インドネシア,技能実習１号ロ,7 
熊本県,荒尾市,ベトナム,技能実習１号ロ,21 
熊本県,荒尾市,ミャンマー,技能実習１号ロ,18 
熊本県,荒尾市,フィリピン,技能実習１号ロ,13 
熊本県,荒尾市,タイ,技能実習１号ロ,4 
熊本県,荒尾市,中国,永住者の配偶者等,1 
熊本県,荒尾市,台湾,定住者,1 
熊本県,荒尾市,インドネシア,技術・人文知識・国際業務,2 
熊本県,水俣市,韓国,日本人の配偶者等,1 
熊本県,水俣市,韓国,特別永住者,6 
熊本県,水俣市,朝鮮,特別永住者,3 
熊本県,水俣市,中国,永住者,1 
熊本県,水俣市,韓国,永住者,4 
熊本県,水俣市,フィリピン,永住者,25 
熊本県,水俣市,ブラジル,永住者,1 
熊本県,水俣市,フィリピン,日本人の配偶者等,3 
熊本県,水俣市,タイ,日本人の配偶者等,2 
熊本県,水俣市,パキスタン,経営・管理,1 
熊本県,水俣市,米国,日本人の配偶者等,2 
熊本県,水俣市,インドネシア,永住者,1 
熊本県,水俣市,ミャンマー,永住者,1 
熊本県,水俣市,フィリピン,技術・人文知識・国際業務,1 
熊本県,水俣市,米国,教育,4 
熊本県,水俣市,ベトナム,特定技能１号,2 
熊本県,水俣市,スリランカ,特定技能１号,2 
熊本県,水俣市,スリランカ,技能実習２号ロ,5 
熊本県,水俣市,フィリピン,技能実習２号ロ,6 
熊本県,水俣市,カンボジア,特定技能１号,2 
熊本県,水俣市,オーストラリア,技術・人文知識・国際業務,1 
熊本県,水俣市,インドネシア,技能実習２号ロ,3 
熊本県,水俣市,ベトナム,技能実習２号ロ,13 
熊本県,水俣市,米国,家族滞在,2 
熊本県,水俣市,インドネシア,特定技能１号,25 
熊本県,水俣市,フィリピン,技能実習１号ロ,3 
熊本県,水俣市,インドネシア,技能実習１号ロ,2 
熊本県,水俣市,ミャンマー,特定技能１号,7 
熊本県,水俣市,スリランカ,技能実習１号ロ,6 
熊本県,水俣市,タイ,技能実習１号ロ,2 
熊本県,水俣市,ベトナム,技能実習１号ロ,4 
熊本県,水俣市,ミャンマー,技能実習１号ロ,2 
熊本県,水俣市,英国,教育,1 
熊本県,玉名市,韓国,特別永住者,13 
熊本県,玉名市,朝鮮,特別永住者,2 
熊本県,玉名市,フィリピン,永住者,24 
熊本県,玉名市,英国,永住者,3 
熊本県,玉名市,米国,永住者,2 
熊本県,玉名市,タイ,永住者,2 
熊本県,玉名市,韓国,永住者,8 
熊本県,玉名市,ブラジル,永住者,1 
熊本県,玉名市,カナダ,日本人の配偶者等,3 
熊本県,玉名市,フィリピン,定住者,2 
熊本県,玉名市,中国,永住者,20 
熊本県,玉名市,ポーランド,永住者,1 
熊本県,玉名市,ベトナム,永住者,2 
熊本県,玉名市,インドネシア,永住者,3 
熊本県,玉名市,中国,技能,1 
熊本県,玉名市,ネパール,経営・管理,1 
熊本県,玉名市,中国,技術・人文知識・国際業務,2 
熊本県,玉名市,パキスタン,日本人の配偶者等,1 
熊本県,玉名市,中国,家族滞在,4 
熊本県,玉名市,インドネシア,日本人の配偶者等,3 
熊本県,玉名市,インド,技能,2 
熊本県,玉名市,フィリピン,日本人の配偶者等,3 
熊本県,玉名市,インドネシア,定住者,1 
熊本県,玉名市,スリランカ,技術・人文知識・国際業務,3 
熊本県,玉名市,台湾,永住者,1 
熊本県,玉名市,ベトナム,技術・人文知識・国際業務,11 
熊本県,玉名市,ネパール,家族滞在,5 
熊本県,玉名市,インドネシア,技術・人文知識・国際業務,4 
熊本県,玉名市,台湾,技術・人文知識・国際業務,2 
熊本県,玉名市,ベトナム,特定技能１号,181 
熊本県,玉名市,マレーシア,日本人の配偶者等,1 
熊本県,玉名市,中国,日本人の配偶者等,3 
熊本県,玉名市,パキスタン,技術・人文知識・国際業務,1 
熊本県,玉名市,ベトナム,経営・管理,2 
熊本県,玉名市,ネパール,技術・人文知識・国際業務,12 
熊本県,玉名市,カンボジア,特定技能１号,28 
熊本県,玉名市,フィリピン,特定技能１号,32 
熊本県,玉名市,ベトナム,日本人の配偶者等,2 
熊本県,玉名市,タイ,企業内転勤,1 
熊本県,玉名市,バングラデシュ,技術・人文知識・国際業務,2 
熊本県,玉名市,ミャンマー,特定活動,16 
熊本県,玉名市,ベトナム,特定活動,12 
熊本県,玉名市,タイ,技能実習３号ロ,8 
熊本県,玉名市,タイ,特定技能１号,16 
熊本県,玉名市,台湾,経営・管理,1 
熊本県,玉名市,タイ,技術・人文知識・国際業務,1 
熊本県,玉名市,中国,定住者,1 
熊本県,玉名市,カンボジア,技能実習３号ロ,4 
熊本県,玉名市,ベトナム,技能実習３号ロ,42 
熊本県,玉名市,ベトナム,定住者,4 
熊本県,玉名市,インドネシア,技能実習３号ロ,4 
熊本県,玉名市,中国,特定技能１号,6 
熊本県,玉名市,インドネシア,特定技能１号,143 
熊本県,玉名市,中国,経営・管理,1 
熊本県,玉名市,フィリピン,技能実習３号ロ,2 
熊本県,玉名市,ミャンマー,特定技能１号,8 
熊本県,玉名市,中国,留学,3 
熊本県,玉名市,英国,日本人の配偶者等,1 
熊本県,玉名市,中国,技能実習３号ロ,1 
熊本県,玉名市,ミャンマー,技術・人文知識・国際業務,4 
熊本県,玉名市,台湾,技能,1 
熊本県,玉名市,カンボジア,特定活動,3 
熊本県,玉名市,韓国,日本人の配偶者等,1 
熊本県,玉名市,フィリピン,技能実習２号ロ,35 
熊本県,玉名市,ベトナム,技能実習２号ロ,149 
熊本県,玉名市,インドネシア,特定活動,3 
熊本県,玉名市,ミャンマー,技能実習２号ロ,28 
熊本県,玉名市,インドネシア,技能実習２号ロ,65 
熊本県,玉名市,ベトナム,留学,4 
熊本県,玉名市,タイ,技能実習２号ロ,9 
熊本県,玉名市,ケニア,留学,1 
熊本県,玉名市,インド,技能実習２号ロ,3 
熊本県,玉名市,中国,技能実習２号ロ,3 
熊本県,玉名市,タイ,日本人の配偶者等,1 
熊本県,玉名市,米国,教育,11 
熊本県,玉名市,カンボジア,技能実習２号ロ,59 
熊本県,玉名市,米国,日本人の配偶者等,2 
熊本県,玉名市,ネパール,特定技能１号,3 
熊本県,玉名市,インドネシア,家族滞在,1 
熊本県,玉名市,ウズベキスタン,技能実習２号ロ,1 
熊本県,玉名市,ネパール,技能,1 
熊本県,玉名市,米国,家族滞在,2 
熊本県,玉名市,ミャンマー,技能実習１号ロ,45 
熊本県,玉名市,カンボジア,技能実習１号ロ,24 
熊本県,玉名市,カナダ,永住者,1 
熊本県,玉名市,インドネシア,技能実習１号ロ,65 
熊本県,玉名市,ベトナム,技能実習１号ロ,82 
熊本県,玉名市,ウズベキスタン,技能実習１号ロ,1 
熊本県,玉名市,タイ,技能実習１号ロ,16 
熊本県,玉名市,インド,技能実習１号ロ,2 
熊本県,玉名市,フィリピン,技能実習１号ロ,12 
熊本県,玉名市,フィリピン,技術・人文知識・国際業務,1 
熊本県,玉名市,ベトナム,家族滞在,2 
熊本県,玉名市,インド,特定技能１号,2 
熊本県,玉名市,バングラデシュ,家族滞在,1 
熊本県,玉名市,中国,技能実習１号ロ,1 
熊本県,玉名市,スリランカ,家族滞在,1 
熊本県,山鹿市,フィリピン,日本人の配偶者等,10 
熊本県,山鹿市,韓国,特別永住者,3 
熊本県,山鹿市,米国,永住者,3 
熊本県,山鹿市,台湾,永住者,1 
熊本県,山鹿市,フィリピン,永住者,46 
熊本県,山鹿市,ブラジル,永住者,4 
熊本県,山鹿市,韓国,永住者,8 
熊本県,山鹿市,中国,永住者,28 
熊本県,山鹿市,カナダ,永住者,2 
熊本県,山鹿市,シンガポール,永住者,1 
熊本県,山鹿市,オーストラリア,永住者,1 
熊本県,山鹿市,タイ,永住者,1 
熊本県,山鹿市,フィリピン,定住者,11 
熊本県,山鹿市,英国,永住者,3 
熊本県,山鹿市,米国,日本人の配偶者等,1 
熊本県,山鹿市,中国,経営・管理,1 
熊本県,山鹿市,中国,日本人の配偶者等,4 
熊本県,山鹿市,フランス,日本人の配偶者等,1 
熊本県,山鹿市,韓国,技術・人文知識・国際業務,1 
熊本県,山鹿市,ニュージーランド,日本人の配偶者等,1 
熊本県,山鹿市,インドネシア,永住者,3 
熊本県,山鹿市,中国,家族滞在,6 
熊本県,山鹿市,ミャンマー,日本人の配偶者等,1 
熊本県,山鹿市,フィリピン,教育,2 
熊本県,山鹿市,台湾,技術・人文知識・国際業務,1 
熊本県,山鹿市,インドネシア,日本人の配偶者等,1 
熊本県,山鹿市,中国,技術・人文知識・国際業務,3 
熊本県,山鹿市,ネパール,特定技能１号,6 
熊本県,山鹿市,ベトナム,特定技能１号,40 
熊本県,山鹿市,フィリピン,特定技能１号,14 
熊本県,山鹿市,フィリピン,家族滞在,2 
熊本県,山鹿市,ネパール,技術・人文知識・国際業務,2 
熊本県,山鹿市,台湾,日本人の配偶者等,1 
熊本県,山鹿市,中国,技能,1 
熊本県,山鹿市,インドネシア,特定活動,3 
熊本県,山鹿市,タイ,日本人の配偶者等,1 
熊本県,山鹿市,ベトナム,技能実習３号ロ,13 
熊本県,山鹿市,エチオピア,日本人の配偶者等,1 
熊本県,山鹿市,ベトナム,技術・人文知識・国際業務,10 
熊本県,山鹿市,インドネシア,技能実習３号ロ,11 
熊本県,山鹿市,フィリピン,技能実習３号ロ,24 
熊本県,山鹿市,カンボジア,特定技能１号,3 
熊本県,山鹿市,ミャンマー,特定活動,3 
熊本県,山鹿市,ミャンマー,特定技能１号,3 
熊本県,山鹿市,インドネシア,特定技能１号,10 
熊本県,山鹿市,ベトナム,日本人の配偶者等,2 
熊本県,山鹿市,中国,技能実習２号ロ,1 
熊本県,山鹿市,フィリピン,技能実習２号ロ,27 
熊本県,山鹿市,ベトナム,技能実習２号ロ,29 
熊本県,山鹿市,カンボジア,技能実習２号ロ,9 
熊本県,山鹿市,カンボジア,特定活動,1 
熊本県,山鹿市,インドネシア,技能実習２号ロ,12 
熊本県,山鹿市,モンゴル,技能実習２号ロ,3 
熊本県,山鹿市,フィリピン,特定活動,1 
熊本県,山鹿市,タイ,技術・人文知識・国際業務,1 
熊本県,山鹿市,中国,技能実習３号ロ,1 
熊本県,山鹿市,ブラジル,日本人の配偶者等,1 
熊本県,山鹿市,韓国,日本人の配偶者等,1 
熊本県,山鹿市,ブラジル,定住者,3 
熊本県,山鹿市,ベトナム,家族滞在,2 
熊本県,山鹿市,マレーシア,永住者,1 
熊本県,山鹿市,ラオス,技能実習２号ロ,1 
熊本県,山鹿市,フィリピン,永住者の配偶者等,2 
熊本県,山鹿市,ミャンマー,技能実習２号ロ,9 
熊本県,山鹿市,ベトナム,技能実習１号ロ,32 
熊本県,山鹿市,フィリピン,技能実習１号ロ,9 
熊本県,山鹿市,ミャンマー,技能実習１号ロ,6 
熊本県,山鹿市,カンボジア,技能実習１号ロ,11 
熊本県,山鹿市,韓国,興行,2 
熊本県,山鹿市,ベトナム,定住者,2 
熊本県,山鹿市,中国,技能実習１号ロ,3 
熊本県,山鹿市,インドネシア,技能実習１号ロ,18 
熊本県,山鹿市,タイ,技能実習１号ロ,8 
熊本県,山鹿市,英国,教育,1 
熊本県,菊池市,米国,永住者,9 
熊本県,菊池市,韓国,特別永住者,12 
熊本県,菊池市,朝鮮,特別永住者,2 
熊本県,菊池市,英国,永住者,5 
熊本県,菊池市,フィリピン,定住者,16 
熊本県,菊池市,フィリピン,永住者,53 
熊本県,菊池市,フランス,永住者,1 
熊本県,菊池市,中国,永住者,25 
熊本県,菊池市,オーストラリア,永住者,2 
熊本県,菊池市,韓国,永住者,6 
熊本県,菊池市,中国,日本人の配偶者等,2 
熊本県,菊池市,フィリピン,日本人の配偶者等,11 
熊本県,菊池市,イタリア,永住者,1 
熊本県,菊池市,中国,技能,2 
熊本県,菊池市,英国,定住者,1 
熊本県,菊池市,中国,家族滞在,3 
熊本県,菊池市,英国,永住者の配偶者等,1 
熊本県,菊池市,韓国,日本人の配偶者等,3 
熊本県,菊池市,台湾,永住者,1 
熊本県,菊池市,バングラデシュ,研究,1 
熊本県,菊池市,バングラデシュ,技術・人文知識・国際業務,1 
熊本県,菊池市,タイ,永住者,1 
熊本県,菊池市,ベトナム,経営・管理,1 
熊本県,菊池市,ベトナム,日本人の配偶者等,7 
熊本県,菊池市,ベトナム,技術・人文知識・国際業務,77 
熊本県,菊池市,ネパール,技術・人文知識・国際業務,11 
熊本県,菊池市,カナダ,技術・人文知識・国際業務,1 
熊本県,菊池市,ベトナム,家族滞在,18 
熊本県,菊池市,ベトナム,特定技能１号,155 
熊本県,菊池市,バングラデシュ,家族滞在,2 
熊本県,菊池市,フィリピン,教育,2 
熊本県,菊池市,中国,技術・人文知識・国際業務,7 
熊本県,菊池市,イタリア,日本人の配偶者等,1 
熊本県,菊池市,フィリピン,特定活動,2 
熊本県,菊池市,フィリピン,特定技能１号,23 
熊本県,菊池市,中国,定住者,2 
熊本県,菊池市,タイ,特定技能１号,4 
熊本県,菊池市,スリランカ,技術・人文知識・国際業務,1 
熊本県,菊池市,ミャンマー,特定技能１号,4 
熊本県,菊池市,中国,永住者の配偶者等,2 
熊本県,菊池市,ベトナム,特定活動,1 
熊本県,菊池市,ベトナム,技能実習３号ロ,13 
熊本県,菊池市,インドネシア,特定技能１号,20 
熊本県,菊池市,タイ,特定活動,2 
熊本県,菊池市,カンボジア,日本人の配偶者等,1 
熊本県,菊池市,インドネシア,特定活動,1 
熊本県,菊池市,フィリピン,技能実習３号ロ,55 
熊本県,菊池市,ネパール,特定技能１号,9 
熊本県,菊池市,台湾,日本人の配偶者等,2 
熊本県,菊池市,カンボジア,技能実習３号ロ,1 
熊本県,菊池市,インドネシア,技能実習３号ロ,14 
熊本県,菊池市,インドネシア,技術・人文知識・国際業務,15 
熊本県,菊池市,中国,特定技能１号,1 
熊本県,菊池市,タイ,技能実習３号ロ,2 
熊本県,菊池市,ミャンマー,技能実習３号ロ,6 
熊本県,菊池市,ジンバブエ,教育,1 
熊本県,菊池市,ガーナ,家族滞在,1 
熊本県,菊池市,台湾,経営・管理,1 
熊本県,菊池市,米国,宗教,1 
熊本県,菊池市,米国,家族滞在,2 
熊本県,菊池市,フィリピン,技能実習２号ロ,53 
熊本県,菊池市,ベトナム,技能実習２号ロ,206 
熊本県,菊池市,ニュージーランド,日本人の配偶者等,1 
熊本県,菊池市,台湾,技術・人文知識・国際業務,6 
熊本県,菊池市,モンゴル,特定技能１号,1 
熊本県,菊池市,タイ,技能実習２号ロ,25 
熊本県,菊池市,カンボジア,技能実習２号ロ,3 
熊本県,菊池市,インドネシア,技能実習２号ロ,31 
熊本県,菊池市,米国,日本人の配偶者等,1 
熊本県,菊池市,ミャンマー,技能実習２号ロ,3 
熊本県,菊池市,南アフリカ共和国,教育,1 
熊本県,菊池市,ネパール,家族滞在,2 
熊本県,菊池市,タイ,日本人の配偶者等,1 
熊本県,菊池市,パキスタン,技術・人文知識・国際業務,1 
熊本県,菊池市,インドネシア,技能実習１号ロ,52 
熊本県,菊池市,フィリピン,永住者の配偶者等,2 
熊本県,菊池市,カンボジア,技能実習１号ロ,8 
熊本県,菊池市,ミャンマー,技能実習１号ロ,17 
熊本県,菊池市,ベトナム,技能実習１号ロ,149 
熊本県,菊池市,ガーナ,教育,1 
熊本県,菊池市,フィリピン,技能実習１号ロ,23 
熊本県,菊池市,中国,技能実習１号ロ,5 
熊本県,菊池市,ネパール,技能実習１号ロ,5 
熊本県,菊池市,台湾,企業内転勤,9 
熊本県,菊池市,タイ,技能実習１号ロ,3 
熊本県,宇土市,タイ,永住者,1 
熊本県,宇土市,韓国,特別永住者,4 
熊本県,宇土市,中国,永住者,15 
熊本県,宇土市,フィリピン,永住者,7 
熊本県,宇土市,ニュージーランド,永住者,1 
熊本県,宇土市,ブラジル,定住者,2 
熊本県,宇土市,フィリピン,定住者,8 
熊本県,宇土市,ブラジル,永住者,1 
熊本県,宇土市,韓国,宗教,1 
熊本県,宇土市,韓国,永住者,1 
熊本県,宇土市,フィリピン,日本人の配偶者等,8 
熊本県,宇土市,台湾,日本人の配偶者等,1 
熊本県,宇土市,中国,技能,1 
熊本県,宇土市,韓国,家族滞在,4 
熊本県,宇土市,インドネシア,定住者,3 
熊本県,宇土市,ポーランド,永住者,1 
熊本県,宇土市,中国,家族滞在,3 
熊本県,宇土市,中国,技術・人文知識・国際業務,1 
熊本県,宇土市,シリア,定住者,7 
熊本県,宇土市,中国,経営・管理,2 
熊本県,宇土市,米国,日本人の配偶者等,2 
熊本県,宇土市,シリア,技術・人文知識・国際業務,1 
熊本県,宇土市,ベトナム,経営・管理,1 
熊本県,宇土市,シリア,家族滞在,3 
熊本県,宇土市,ベトナム,技術・人文知識・国際業務,11 
熊本県,宇土市,スリランカ,技術・人文知識・国際業務,2 
熊本県,宇土市,インドネシア,日本人の配偶者等,1 
熊本県,宇土市,ジャマイカ,日本人の配偶者等,1 
熊本県,宇土市,ベトナム,特定技能１号,60 
熊本県,宇土市,パキスタン,技術・人文知識・国際業務,1 
熊本県,宇土市,ウズベキスタン,技術・人文知識・国際業務,1 
熊本県,宇土市,パキスタン,家族滞在,4 
熊本県,宇土市,ベトナム,日本人の配偶者等,3 
熊本県,宇土市,ベトナム,特定活動,7 
熊本県,宇土市,ベトナム,家族滞在,2 
熊本県,宇土市,シリア,特定活動,8 
熊本県,宇土市,ベトナム,技能実習３号ロ,10 
熊本県,宇土市,カンボジア,技術・人文知識・国際業務,2 
熊本県,宇土市,中国,留学,1 
熊本県,宇土市,カンボジア,特定技能１号,5 
熊本県,宇土市,ネパール,技術・人文知識・国際業務,1 
熊本県,宇土市,米国,永住者,1 
熊本県,宇土市,アルゼンチン,日本人の配偶者等,1 
熊本県,宇土市,パキスタン,経営・管理,1 
熊本県,宇土市,中国,特定技能１号,1 
熊本県,宇土市,ベトナム,永住者,1 
熊本県,宇土市,米国,教育,6 
熊本県,宇土市,インドネシア,特定技能１号,9 
熊本県,宇土市,ミャンマー,特定活動,1 
熊本県,宇土市,フィリピン,技能実習２号ロ,5 
熊本県,宇土市,中国,日本人の配偶者等,1 
熊本県,宇土市,ミャンマー,技術・人文知識・国際業務,1 
熊本県,宇土市,スリランカ,特定技能１号,1 
熊本県,宇土市,ベトナム,技能実習２号ロ,30 
熊本県,宇土市,インドネシア,技能実習２号ロ,9 
熊本県,宇土市,ミャンマー,技能実習２号ロ,5 
熊本県,宇土市,タイ,技能実習２号ロ,2 
熊本県,宇土市,フィリピン,教育,1 
熊本県,宇土市,フィリピン,特定技能１号,1 
熊本県,宇土市,南アフリカ共和国,教育,1 
熊本県,宇土市,ウズベキスタン,家族滞在,2 
熊本県,宇土市,カンボジア,技能実習２号ロ,6 
熊本県,宇土市,スリランカ,技能実習２号ロ,1 
熊本県,宇土市,ネパール,技能実習２号ロ,15 
熊本県,宇土市,ミャンマー,技能実習１号ロ,11 
熊本県,宇土市,インドネシア,技能実習１号ロ,8 
熊本県,宇土市,カンボジア,技能実習１号ロ,6 
熊本県,宇土市,ベトナム,技能実習１号ロ,45 
熊本県,宇土市,カンボジア,家族滞在,1 
熊本県,宇土市,韓国,日本人の配偶者等,1 
熊本県,宇土市,ブラジル,日本人の配偶者等,1 
熊本県,宇土市,フィリピン,技能実習１号ロ,7 
熊本県,宇土市,台湾,企業内転勤,2 
熊本県,宇土市,インドネシア,技能実習３号ロ,1 
熊本県,上天草市,中国,永住者,7 
熊本県,上天草市,フィリピン,永住者,12 
熊本県,上天草市,カナダ,永住者,1 
熊本県,上天草市,フィリピン,定住者,2 
熊本県,上天草市,ブラジル,永住者,1 
熊本県,上天草市,中国,技能,2 
熊本県,上天草市,フィリピン,日本人の配偶者等,3 
熊本県,上天草市,英国,永住者,1 
熊本県,上天草市,米国,日本人の配偶者等,3 
熊本県,上天草市,中国,家族滞在,2 
熊本県,上天草市,カナダ,教育,1 
熊本県,上天草市,イタリア,技術・人文知識・国際業務,1 
熊本県,上天草市,ネパール,技術・人文知識・国際業務,3 
熊本県,上天草市,韓国,永住者,1 
熊本県,上天草市,ネパール,芸術,6 
熊本県,上天草市,中国,技術・人文知識・国際業務,3 
熊本県,上天草市,ミャンマー,日本人の配偶者等,2 
熊本県,上天草市,カンボジア,特定技能１号,1 
熊本県,上天草市,スリランカ,技能実習３号ロ,2 
熊本県,上天草市,ベトナム,技能実習３号ロ,11 
熊本県,上天草市,ミャンマー,技能実習３号ロ,6 
熊本県,上天草市,インドネシア,技能実習３号ロ,1 
熊本県,上天草市,ベトナム,特定技能１号,2 
熊本県,上天草市,コスタリカ,日本人の配偶者等,1 
熊本県,上天草市,中国,技能実習３号ロ,1 
熊本県,上天草市,インドネシア,特定技能１号,20 
熊本県,上天草市,フィリピン,技術・人文知識・国際業務,1 
熊本県,上天草市,ベトナム,技能実習２号ロ,19 
熊本県,上天草市,オーストラリア,教育,1 
熊本県,上天草市,ミャンマー,技能実習２号ロ,4 
熊本県,上天草市,インドネシア,技能実習２号ロ,7 
熊本県,上天草市,ベルギー,日本人の配偶者等,1 
熊本県,上天草市,米国,教育,3 
熊本県,上天草市,カンボジア,技能実習２号ロ,5 
熊本県,上天草市,ネパール,家族滞在,1 
熊本県,上天草市,ベトナム,技能実習１号ロ,3 
熊本県,上天草市,ミャンマー,技能実習１号ロ,3 
熊本県,上天草市,フィリピン,特定技能１号,8 
熊本県,上天草市,インドネシア,技能実習１号ロ,6 
熊本県,宇城市,韓国,特別永住者,2 
熊本県,宇城市,朝鮮,特別永住者,3 
熊本県,宇城市,米国,永住者,3 
熊本県,宇城市,スリランカ,永住者,1 
熊本県,宇城市,韓国,永住者,3 
熊本県,宇城市,アフガニスタン,永住者,1 
熊本県,宇城市,ブラジル,永住者,5 
熊本県,宇城市,ブラジル,定住者,3 
熊本県,宇城市,フィリピン,永住者,20 
熊本県,宇城市,カナダ,永住者,2 
熊本県,宇城市,中国,永住者,19 
熊本県,宇城市,スロバキア,永住者,1 
熊本県,宇城市,ナイジェリア,永住者,1 
熊本県,宇城市,米国,日本人の配偶者等,2 
熊本県,宇城市,パキスタン,永住者,1 
熊本県,宇城市,ルーマニア,永住者,1 
熊本県,宇城市,中国,技能,1 
熊本県,宇城市,台湾,永住者,1 
熊本県,宇城市,中国,日本人の配偶者等,7 
熊本県,宇城市,中国,家族滞在,3 
熊本県,宇城市,インド,技能,4 
熊本県,宇城市,アフガニスタン,経営・管理,1 
熊本県,宇城市,中国,永住者の配偶者等,2 
熊本県,宇城市,パキスタン,永住者の配偶者等,1 
熊本県,宇城市,パキスタン,定住者,7 
熊本県,宇城市,ウガンダ,永住者,1 
熊本県,宇城市,英国,永住者,1 
熊本県,宇城市,中国,定住者,2 
熊本県,宇城市,ベトナム,経営・管理,1 
熊本県,宇城市,ベトナム,技術・人文知識・国際業務,48 
熊本県,宇城市,ネパール,技術・人文知識・国際業務,10 
熊本県,宇城市,韓国,日本人の配偶者等,2 
熊本県,宇城市,ベトナム,家族滞在,9 
熊本県,宇城市,スリランカ,技術・人文知識・国際業務,8 
熊本県,宇城市,ネパール,家族滞在,8 
熊本県,宇城市,パキスタン,経営・管理,3 
熊本県,宇城市,ミャンマー,特定技能１号,3 
熊本県,宇城市,中国,技術・人文知識・国際業務,3 
熊本県,宇城市,バングラデシュ,技術・人文知識・国際業務,2 
熊本県,宇城市,ベトナム,特定技能１号,49 
熊本県,宇城市,ネパール,介護,1 
熊本県,宇城市,スリランカ,留学,1 
熊本県,宇城市,オーストラリア,永住者,1 
熊本県,宇城市,中国,特定技能１号,7 
熊本県,宇城市,インドネシア,特定技能１号,31 
熊本県,宇城市,ベトナム,日本人の配偶者等,2 
熊本県,宇城市,フィリピン,特定技能１号,39 
熊本県,宇城市,カンボジア,特定技能１号,5 
熊本県,宇城市,フィリピン,教育,1 
熊本県,宇城市,ベトナム,特定活動,4 
熊本県,宇城市,中国,特定活動,1 
熊本県,宇城市,ベトナム,技能実習３号ロ,30 
熊本県,宇城市,フィリピン,日本人の配偶者等,4 
熊本県,宇城市,インドネシア,技能実習３号ロ,6 
熊本県,宇城市,ネパール,技能実習３号ロ,4 
熊本県,宇城市,フィリピン,技能実習３号ロ,16 
熊本県,宇城市,中国,技能実習３号ロ,5 
熊本県,宇城市,ニュージーランド,教育,1 
熊本県,宇城市,ミャンマー,技術・人文知識・国際業務,1 
熊本県,宇城市,カンボジア,技術・人文知識・国際業務,3 
熊本県,宇城市,ジャマイカ,教育,1 
熊本県,宇城市,ベトナム,技能実習２号ロ,127 
熊本県,宇城市,ミャンマー,技能実習２号ロ,10 
熊本県,宇城市,米国,教育,2 
熊本県,宇城市,カンボジア,技能実習３号ロ,1 
熊本県,宇城市,インドネシア,技能実習２号ロ,41 
熊本県,宇城市,フィリピン,技能実習２号ロ,10 
熊本県,宇城市,カンボジア,技能実習２号ロ,15 
熊本県,宇城市,カンボジア,特定活動,1 
熊本県,宇城市,バングラデシュ,技能実習２号ロ,2 
熊本県,宇城市,韓国,経営・管理,1 
熊本県,宇城市,タイ,技能実習２号ロ,2 
熊本県,宇城市,コスタリカ,日本人の配偶者等,1 
熊本県,宇城市,中国,技能実習２号ロ,6 
熊本県,宇城市,フィリピン,技術・人文知識・国際業務,1 
熊本県,宇城市,ネパール,技能実習２号ロ,4 
熊本県,宇城市,ロシア,技術・人文知識・国際業務,1 
熊本県,宇城市,パキスタン,技術・人文知識・国際業務,9 
熊本県,宇城市,インドネシア,特定活動,6 
熊本県,宇城市,パキスタン,家族滞在,13 
熊本県,宇城市,ドイツ,日本人の配偶者等,1 
熊本県,宇城市,スリランカ,家族滞在,3 
熊本県,宇城市,スリランカ,特定技能１号,2 
熊本県,宇城市,ジャマイカ,家族滞在,1 
熊本県,宇城市,バングラデシュ,家族滞在,2 
熊本県,宇城市,ネパール,技能実習１号ロ,1 
熊本県,宇城市,カンボジア,技能実習１号ロ,12 
熊本県,宇城市,ベトナム,技能実習１号ロ,71 
熊本県,宇城市,インドネシア,技能実習１号ロ,41 
熊本県,宇城市,ミャンマー,技能実習１号ロ,18 
熊本県,宇城市,中国,技能実習１号ロ,9 
熊本県,宇城市,フィリピン,技能実習１号ロ,24 
熊本県,宇城市,バングラデシュ,技能実習１号ロ,4 
熊本県,宇城市,インドネシア,技術・人文知識・国際業務,5 
熊本県,阿蘇市,韓国,特別永住者,4 
熊本県,阿蘇市,朝鮮,特別永住者,1 
熊本県,阿蘇市,中国,特別永住者,1 
熊本県,阿蘇市,ブラジル,永住者,1 
熊本県,阿蘇市,フィリピン,永住者,23 
熊本県,阿蘇市,中国,永住者,14 
熊本県,阿蘇市,米国,永住者,2 
熊本県,阿蘇市,英国,永住者,2 
熊本県,阿蘇市,韓国,永住者,1 
熊本県,阿蘇市,フィリピン,定住者,11 
熊本県,阿蘇市,パキスタン,経営・管理,1 
熊本県,阿蘇市,フィリピン,日本人の配偶者等,8 
熊本県,阿蘇市,中国,日本人の配偶者等,2 
熊本県,阿蘇市,中国,技術・人文知識・国際業務,8 
熊本県,阿蘇市,フランス,技術・人文知識・国際業務,1 
熊本県,阿蘇市,ネパール,日本人の配偶者等,1 
熊本県,阿蘇市,フランス,永住者,1 
熊本県,阿蘇市,ベトナム,技術・人文知識・国際業務,11 
熊本県,阿蘇市,ネパール,技術・人文知識・国際業務,38 
熊本県,阿蘇市,ナイジェリア,日本人の配偶者等,1 
熊本県,阿蘇市,韓国,技術・人文知識・国際業務,2 
熊本県,阿蘇市,中国,家族滞在,2 
熊本県,阿蘇市,カンボジア,特定技能１号,58 
熊本県,阿蘇市,スリランカ,技術・人文知識・国際業務,5 
熊本県,阿蘇市,フィリピン,技術・人文知識・国際業務,3 
熊本県,阿蘇市,中国,特定技能１号,8 
熊本県,阿蘇市,フィリピン,特定技能１号,28 
熊本県,阿蘇市,ベトナム,特定技能１号,41 
熊本県,阿蘇市,ポーランド,日本人の配偶者等,1 
熊本県,阿蘇市,ベトナム,日本人の配偶者等,1 
熊本県,阿蘇市,ベトナム,技能,1 
熊本県,阿蘇市,カンボジア,日本人の配偶者等,1 
熊本県,阿蘇市,ベトナム,技能実習３号ロ,7 
熊本県,阿蘇市,インド,技能,2 
熊本県,阿蘇市,カンボジア,技術・人文知識・国際業務,2 
熊本県,阿蘇市,ベトナム,特定活動,14 
熊本県,阿蘇市,インドネシア,技能実習３号ロ,4 
熊本県,阿蘇市,カンボジア,技能実習３号ロ,1 
熊本県,阿蘇市,フィリピン,技能実習３号ロ,7 
熊本県,阿蘇市,ベトナム,家族滞在,3 
熊本県,阿蘇市,米国,教育,4 
熊本県,阿蘇市,米国,家族滞在,3 
熊本県,阿蘇市,シンガポール,日本人の配偶者等,1 
熊本県,阿蘇市,英国,日本人の配偶者等,1 
熊本県,阿蘇市,ネパール,家族滞在,13 
熊本県,阿蘇市,ベトナム,技能実習２号ロ,59 
熊本県,阿蘇市,フィリピン,技能実習２号ロ,8 
熊本県,阿蘇市,カンボジア,特定活動,1 
熊本県,阿蘇市,インドネシア,技能実習２号ロ,51 
熊本県,阿蘇市,カンボジア,技能実習２号ロ,52 
熊本県,阿蘇市,ミャンマー,特定技能１号,27 
熊本県,阿蘇市,ミャンマー,技術・人文知識・国際業務,3 
熊本県,阿蘇市,ミャンマー,技能実習２号ロ,3 
熊本県,阿蘇市,パキスタン,日本人の配偶者等,1 
熊本県,阿蘇市,ネパール,特定技能１号,15 
熊本県,阿蘇市,中国,技能実習２号ロ,1 
熊本県,阿蘇市,インドネシア,特定技能１号,2 
熊本県,阿蘇市,ベトナム,企業内転勤,1 
熊本県,阿蘇市,インドネシア,特定活動,5 
熊本県,阿蘇市,インドネシア,技能実習１号ロ,30 
熊本県,阿蘇市,台湾,特定活動,16 
熊本県,阿蘇市,ラオス,技能実習２号ロ,1 
熊本県,阿蘇市,カナダ,興行,1 
熊本県,阿蘇市,台湾,技術・人文知識・国際業務,3 
熊本県,阿蘇市,フィリピン,技能実習１号ロ,11 
熊本県,阿蘇市,カンボジア,技能実習１号ロ,27 
熊本県,阿蘇市,韓国,特定活動,6 
熊本県,阿蘇市,ベトナム,技能実習１号ロ,32 
熊本県,阿蘇市,パキスタン,技能,1 
熊本県,阿蘇市,中国,企業内転勤,1 
熊本県,阿蘇市,タイ,企業内転勤,1 
熊本県,阿蘇市,タイ,特定技能１号,2 
熊本県,阿蘇市,ラオス,技能実習１号ロ,3 
熊本県,阿蘇市,フィリピン,研修,2 
熊本県,阿蘇市,ミャンマー,技能実習１号ロ,4 
熊本県,阿蘇市,スリランカ,家族滞在,1 
熊本県,天草市,フィリピン,永住者,35 
熊本県,天草市,韓国,特別永住者,9 
熊本県,天草市,台湾,特別永住者,1 
熊本県,天草市,ドイツ,永住者,1 
熊本県,天草市,朝鮮,特別永住者,1 
熊本県,天草市,韓国,永住者,5 
熊本県,天草市,マレーシア,永住者,1 
熊本県,天草市,ブラジル,永住者,1 
熊本県,天草市,中国,永住者,15 
熊本県,天草市,英国,永住者,2 
熊本県,天草市,オーストラリア,永住者,2 
熊本県,天草市,ロシア,永住者,1 
熊本県,天草市,タイ,永住者,1 
熊本県,天草市,カナダ,技術・人文知識・国際業務,2 
熊本県,天草市,米国,永住者,1 
熊本県,天草市,米国,日本人の配偶者等,2 
熊本県,天草市,中国,日本人の配偶者等,3 
熊本県,天草市,ベトナム,日本人の配偶者等,2 
熊本県,天草市,ベトナム,技術・人文知識・国際業務,8 
熊本県,天草市,韓国,日本人の配偶者等,3 
熊本県,天草市,フィリピン,定住者,1 
熊本県,天草市,中国,永住者の配偶者等,1 
熊本県,天草市,ミャンマー,特定技能１号,4 
熊本県,天草市,英国,日本人の配偶者等,1 
熊本県,天草市,ベトナム,特定技能１号,37 
熊本県,天草市,ベトナム,技能実習３号ロ,15 
熊本県,天草市,ミャンマー,特定活動,3 
熊本県,天草市,中国,技能,1 
熊本県,天草市,スリランカ,技術・人文知識・国際業務,1 
熊本県,天草市,ベトナム,特定活動,4 
熊本県,天草市,中国,家族滞在,1 
熊本県,天草市,カンボジア,特定技能１号,1 
熊本県,天草市,カンボジア,技能実習３号ロ,5 
熊本県,天草市,ミャンマー,日本人の配偶者等,1 
熊本県,天草市,ミャンマー,技能実習３号ロ,13 
熊本県,天草市,ジャマイカ,教育,1 
熊本県,天草市,中国,技能実習３号ロ,4 
熊本県,天草市,フランス,日本人の配偶者等,1 
熊本県,天草市,中国,特定技能１号,1 
熊本県,天草市,ミャンマー,技能実習２号ロ,29 
熊本県,天草市,ベトナム,技能実習２号ロ,46 
熊本県,天草市,中国,技能実習２号ロ,5 
熊本県,天草市,中国,定住者,1 
熊本県,天草市,インドネシア,技能実習２号ロ,11 
熊本県,天草市,フィリピン,特定技能１号,8 
熊本県,天草市,カンボジア,技能実習２号ロ,14 
熊本県,天草市,タイ,技能実習２号ロ,2 
熊本県,天草市,米国,教育,11 
熊本県,天草市,カナダ,教育,1 
熊本県,天草市,南アフリカ共和国,教育,1 
熊本県,天草市,モンゴル,技能実習２号ロ,4 
熊本県,天草市,インドネシア,特定技能１号,26 
熊本県,天草市,フィリピン,技能実習２号ロ,2 
熊本県,天草市,インド,特定技能１号,10 
熊本県,天草市,ネパール,特定技能１号,12 
熊本県,天草市,ベトナム,家族滞在,1 
熊本県,天草市,ベトナム,技能実習１号ロ,33 
熊本県,天草市,ミャンマー,技能実習１号ロ,37 
熊本県,天草市,カンボジア,技能実習１号ロ,7 
熊本県,天草市,米国,特定活動,1 
熊本県,天草市,インドネシア,技能実習１号ロ,13 
熊本県,天草市,韓国,技術・人文知識・国際業務,1 
熊本県,天草市,インドネシア,技能実習３号ロ,1 
熊本県,天草市,インドネシア,日本人の配偶者等,1 
熊本県,天草市,インドネシア,特定活動,1 
熊本県,天草市,インドネシア,技術・人文知識・国際業務,8 
熊本県,天草市,フィリピン,技能実習１号ロ,2 
熊本県,天草市,カナダ,日本人の配偶者等,1 
熊本県,天草市,ニュージーランド,教育,1 
熊本県,天草市,ニュージーランド,家族滞在,1 
熊本県,天草市,中国,技能実習１号ロ,2 
熊本県,天草市,フィリピン,日本人の配偶者等,2 
熊本県,合志市,韓国,特別永住者,10 
熊本県,合志市,中国,永住者,60 
熊本県,合志市,フィリピン,永住者,23 
熊本県,合志市,スリランカ,永住者,1 
熊本県,合志市,スイス,永住者,1 
熊本県,合志市,ドイツ,永住者,2 
熊本県,合志市,フィリピン,日本人の配偶者等,5 
熊本県,合志市,英国,永住者,2 
熊本県,合志市,ブラジル,永住者,1 
熊本県,合志市,ベネズエラ,永住者,1 
熊本県,合志市,韓国,永住者,6 
熊本県,合志市,タイ,永住者,1 
熊本県,合志市,インド,永住者,4 
熊本県,合志市,ルーマニア,永住者,1 
熊本県,合志市,台湾,永住者,4 
熊本県,合志市,米国,永住者,2 
熊本県,合志市,インドネシア,永住者,1 
熊本県,合志市,中国,技術・人文知識・国際業務,6 
熊本県,合志市,韓国,家族滞在,3 
熊本県,合志市,マダガスカル,高度専門職１号イ,1 
熊本県,合志市,韓国,宗教,1 
熊本県,合志市,台湾,日本人の配偶者等,6 
熊本県,合志市,台湾,技術・人文知識・国際業務,14 
熊本県,合志市,インド,技能,3 
熊本県,合志市,マダガスカル,家族滞在,4 
熊本県,合志市,中国,技能,1 
熊本県,合志市,フィリピン,技術・人文知識・国際業務,1 
熊本県,合志市,中国,定住者,1 
熊本県,合志市,ネパール,経営・管理,1 
熊本県,合志市,ベトナム,日本人の配偶者等,2 
熊本県,合志市,アイルランド,日本人の配偶者等,1 
熊本県,合志市,台湾,家族滞在,49 
熊本県,合志市,英国,技術・人文知識・国際業務,1 
熊本県,合志市,英国,日本人の配偶者等,3 
熊本県,合志市,ネパール,技術・人文知識・国際業務,6 
熊本県,合志市,ネパール,家族滞在,8 
熊本県,合志市,ベトナム,特定技能１号,29 
熊本県,合志市,イタリア,日本人の配偶者等,1 
熊本県,合志市,ネパール,介護,1 
熊本県,合志市,ネパール,特定技能１号,6 
熊本県,合志市,フィリピン,特定技能１号,13 
熊本県,合志市,韓国,技術・人文知識・国際業務,5 
熊本県,合志市,中国,高度専門職１号ロ,2 
熊本県,合志市,中国,特定技能１号,5 
熊本県,合志市,ベトナム,技術・人文知識・国際業務,16 
熊本県,合志市,タイ,技能実習３号ロ,2 
熊本県,合志市,韓国,日本人の配偶者等,2 
熊本県,合志市,ベトナム,技能実習３号ロ,3 
熊本県,合志市,カンボジア,特定技能１号,5 
熊本県,合志市,ベトナム,特定活動,2 
熊本県,合志市,中国,家族滞在,2 
熊本県,合志市,フィリピン,技能実習３号ロ,5 
熊本県,合志市,台湾,高度専門職１号ロ,39 
熊本県,合志市,オーストラリア,日本人の配偶者等,1 
熊本県,合志市,スリランカ,特定技能１号,1 
熊本県,合志市,ミャンマー,技術・人文知識・国際業務,1 
熊本県,合志市,ミャンマー,技能実習３号ロ,1 
熊本県,合志市,インドネシア,技能実習３号ロ,10 
熊本県,合志市,フィリピン,技能実習２号ロ,11 
熊本県,合志市,中国,日本人の配偶者等,1 
熊本県,合志市,インドネシア,技能実習２号ロ,23 
熊本県,合志市,ネパール,技能,5 
熊本県,合志市,ベトナム,技能実習２号ロ,26 
熊本県,合志市,インドネシア,特定技能１号,13 
熊本県,合志市,韓国,定住者,1 
熊本県,合志市,インド,留学,1 
熊本県,合志市,カンボジア,技能実習２号ロ,10 
熊本県,合志市,モンゴル,留学,1 
熊本県,合志市,インドネシア,留学,1 
熊本県,合志市,米国,教育,1 
熊本県,合志市,米国,日本人の配偶者等,1 
熊本県,合志市,インドネシア,技術・人文知識・国際業務,1 
熊本県,合志市,韓国,企業内転勤,1 
熊本県,合志市,ミャンマー,技能実習２号ロ,4 
熊本県,合志市,ニュージーランド,教育,1 
熊本県,合志市,ベトナム,技能実習１号ロ,6 
熊本県,合志市,ミャンマー,技能実習１号ロ,11 
熊本県,合志市,インドネシア,企業内転勤,7 
熊本県,合志市,タイ,技能実習１号ロ,1 
熊本県,合志市,インドネシア,技能実習１号ロ,18 
熊本県,合志市,スリランカ,技能実習１号ロ,3 
熊本県,合志市,カナダ,日本人の配偶者等,1 
熊本県,合志市,タイ,留学,1 
熊本県,合志市,フィリピン,技能実習１号ロ,8 
熊本県,合志市,マレーシア,留学,1 
熊本県,合志市,カンボジア,技能実習１号ロ,10 
熊本県,合志市,台湾,特定活動,1 
熊本県,合志市,台湾,企業内転勤,13 
熊本県,合志市,ベトナム,企業内転勤,4 
熊本県,合志市,シンガポール,留学,5 
熊本県,合志市,台湾,経営・管理,2 
熊本県,合志市,モンゴル,技能実習１号ロ,3 
熊本県,美里町,フィリピン,永住者,4 
熊本県,美里町,ペルー,定住者,1 
熊本県,美里町,米国,永住者,2 
熊本県,美里町,インドネシア,定住者,1 
熊本県,美里町,インドネシア,永住者,1 
熊本県,美里町,韓国,永住者,1 
熊本県,美里町,フィリピン,定住者,1 
熊本県,美里町,中国,永住者,1 
熊本県,美里町,フィリピン,特定技能１号,3 
熊本県,美里町,ネパール,特定技能１号,3 
熊本県,美里町,オランダ,日本人の配偶者等,1 
熊本県,美里町,中国,技能実習３号ロ,7 
熊本県,美里町,ベトナム,技能実習３号ロ,9 
熊本県,美里町,ベトナム,特定技能１号,1 
熊本県,美里町,カンボジア,技能実習３号ロ,3 
熊本県,美里町,ベトナム,技能実習２号ロ,10 
熊本県,美里町,フィリピン,技能実習２号ロ,4 
熊本県,美里町,ミャンマー,技能実習２号ロ,11 
熊本県,美里町,ネパール,技能実習２号ロ,3 
熊本県,美里町,インドネシア,技能実習２号ロ,8 
熊本県,美里町,ルーマニア,日本人の配偶者等,1 
熊本県,美里町,フランス,定住者,1 
熊本県,美里町,インドネシア,特定技能１号,5 
熊本県,美里町,米国,教育,2 
熊本県,美里町,カンボジア,技能実習２号ロ,3 
熊本県,美里町,ミャンマー,技能実習１号ロ,4 
熊本県,美里町,ベトナム,技能実習１号ロ,9 
熊本県,玉東町,韓国,特別永住者,2 
熊本県,玉東町,フィリピン,永住者,3 
熊本県,玉東町,インドネシア,永住者,1 
熊本県,玉東町,タイ,永住者,1 
熊本県,玉東町,スリランカ,経営・管理,1 
熊本県,玉東町,フィリピン,日本人の配偶者等,1 
熊本県,玉東町,ベトナム,永住者,1 
熊本県,玉東町,中国,技術・人文知識・国際業務,2 
熊本県,玉東町,中国,特定技能１号,5 
熊本県,玉東町,ウクライナ,日本人の配偶者等,1 
熊本県,玉東町,スリランカ,家族滞在,2 
熊本県,玉東町,タイ,特定技能１号,2 
熊本県,玉東町,ベトナム,特定技能１号,1 
熊本県,玉東町,タイ,技能実習３号ロ,1 
熊本県,玉東町,インドネシア,特定技能１号,8 
熊本県,玉東町,ベトナム,技能実習２号ロ,1 
熊本県,玉東町,タイ,技能実習２号ロ,2 
熊本県,玉東町,フィリピン,特定技能１号,1 
熊本県,玉東町,ウクライナ,特定活動,15 
熊本県,玉東町,インドネシア,技能実習２号ロ,5 
熊本県,玉東町,スリランカ,技能,1 
熊本県,玉東町,タイ,技能実習１号ロ,1 
熊本県,玉東町,インドネシア,技能実習１号ロ,1 
熊本県,南関町,韓国,特別永住者,2 
熊本県,南関町,フィリピン,永住者,4 
熊本県,南関町,中国,永住者,2 
熊本県,南関町,韓国,技術・人文知識・国際業務,1 
熊本県,南関町,インドネシア,日本人の配偶者等,1 
熊本県,南関町,中国,技能,1 
熊本県,南関町,中国,日本人の配偶者等,1 
熊本県,南関町,インドネシア,永住者,1 
熊本県,南関町,英国,永住者,1 
熊本県,南関町,ネパール,技術・人文知識・国際業務,8 
熊本県,南関町,ベトナム,日本人の配偶者等,1 
熊本県,南関町,フィリピン,特定技能１号,22 
熊本県,南関町,ベトナム,特定技能１号,22 
熊本県,南関町,米国,技術・人文知識・国際業務,1 
熊本県,南関町,ネパール,家族滞在,2 
熊本県,南関町,インドネシア,特定技能１号,25 
熊本県,南関町,ベトナム,技能実習３号ロ,7 
熊本県,南関町,カンボジア,技能実習３号ロ,1 
熊本県,南関町,フィリピン,技能実習３号ロ,3 
熊本県,南関町,フィリピン,特定活動,1 
熊本県,南関町,ベトナム,技能実習２号ロ,38 
熊本県,南関町,ミャンマー,技能実習２号ロ,2 
熊本県,南関町,中国,家族滞在,1 
熊本県,南関町,インドネシア,技能実習２号ロ,1 
熊本県,南関町,フィリピン,技能実習２号ロ,6 
熊本県,南関町,ウズベキスタン,技能実習２号ロ,3 
熊本県,南関町,フィリピン,技能実習１号ロ,3 
熊本県,南関町,ミャンマー,技能実習１号ロ,9 
熊本県,南関町,ベトナム,技能実習１号ロ,24 
熊本県,南関町,ウズベキスタン,技能実習１号ロ,4 
熊本県,南関町,インドネシア,技能実習１号ロ,15 
熊本県,南関町,中国,特定技能１号,1 
熊本県,南関町,タイ,技能実習１号ロ,3 
熊本県,南関町,米国,日本人の配偶者等,1 
熊本県,長洲町,米国,永住者,1 
熊本県,長洲町,韓国,特別永住者,7 
熊本県,長洲町,韓国,永住者,2 
熊本県,長洲町,フィリピン,永住者,5 
熊本県,長洲町,ミャンマー,永住者,1 
熊本県,長洲町,中国,永住者,3 
熊本県,長洲町,ベトナム,永住者,2 
熊本県,長洲町,フィリピン,定住者,2 
熊本県,長洲町,スロバキア,日本人の配偶者等,1 
熊本県,長洲町,中国,日本人の配偶者等,3 
熊本県,長洲町,インドネシア,永住者,1 
熊本県,長洲町,フィリピン,技術・人文知識・国際業務,3 
熊本県,長洲町,ネパール,技能,2 
熊本県,長洲町,スイス,日本人の配偶者等,1 
熊本県,長洲町,ベトナム,技術・人文知識・国際業務,12 
熊本県,長洲町,インド,日本人の配偶者等,1 
熊本県,長洲町,ネパール,技術・人文知識・国際業務,7 
熊本県,長洲町,セネガル,日本人の配偶者等,1 
熊本県,長洲町,米国,技術・人文知識・国際業務,1 
熊本県,長洲町,ネパール,家族滞在,9 
熊本県,長洲町,フィリピン,特定技能１号,171 
熊本県,長洲町,韓国,永住者の配偶者等,1 
熊本県,長洲町,パキスタン,経営・管理,1 
熊本県,長洲町,米国,日本人の配偶者等,1 
熊本県,長洲町,ベトナム,特定技能１号,108 
熊本県,長洲町,台湾,技術・人文知識・国際業務,2 
熊本県,長洲町,ベトナム,技能実習３号イ,80 
熊本県,長洲町,中国,経営・管理,1 
熊本県,長洲町,フィリピン,日本人の配偶者等,1 
熊本県,長洲町,中国,特定活動,1 
熊本県,長洲町,ベトナム,技能実習３号ロ,16 
熊本県,長洲町,中国,技術・人文知識・国際業務,1 
熊本県,長洲町,台湾,家族滞在,1 
熊本県,長洲町,中国,技能実習３号ロ,5 
熊本県,長洲町,フィリピン,技能実習３号ロ,4 
熊本県,長洲町,フィリピン,特定活動,2 
熊本県,長洲町,ミャンマー,技術・人文知識・国際業務,4 
熊本県,長洲町,フィリピン,技能実習２号ロ,29 
熊本県,長洲町,ベトナム,技能実習２号ロ,100 
熊本県,長洲町,中国,技能実習２号ロ,4 
熊本県,長洲町,インドネシア,技能実習２号ロ,12 
熊本県,長洲町,パキスタン,家族滞在,3 
熊本県,長洲町,米国,教育,2 
熊本県,長洲町,ベトナム,家族滞在,2 
熊本県,長洲町,ベトナム,技能実習２号イ,13 
熊本県,長洲町,インド,技能実習２号ロ,22 
熊本県,長洲町,ミャンマー,技能実習２号ロ,2 
熊本県,長洲町,フィリピン,技能実習１号ロ,37 
熊本県,長洲町,ベトナム,技能実習１号ロ,22 
熊本県,長洲町,パキスタン,技術・人文知識・国際業務,1 
熊本県,長洲町,ベトナム,技能実習１号イ,34 
熊本県,長洲町,ミャンマー,技能実習１号ロ,10 
熊本県,長洲町,インドネシア,技能実習１号ロ,5 
熊本県,長洲町,インドネシア,特定技能１号,3 
熊本県,長洲町,ネパール,技能実習１号ロ,4 
熊本県,和水町,韓国,特別永住者,1 
熊本県,和水町,フランス,永住者,1 
熊本県,和水町,イタリア,永住者,1 
熊本県,和水町,タイ,永住者,2 
熊本県,和水町,韓国,永住者,1 
熊本県,和水町,フィリピン,永住者,1 
熊本県,和水町,フィリピン,日本人の配偶者等,2 
熊本県,和水町,イタリア,宗教,2 
熊本県,和水町,中国,永住者,5 
熊本県,和水町,スリランカ,永住者,1 
熊本県,和水町,台湾,日本人の配偶者等,1 
熊本県,和水町,ベトナム,特定技能１号,9 
熊本県,和水町,ネパール,特定技能１号,6 
熊本県,和水町,カンボジア,技能実習３号ロ,2 
熊本県,和水町,インドネシア,特定技能１号,8 
熊本県,和水町,フランス,日本人の配偶者等,1 
熊本県,和水町,フィリピン,特定技能１号,4 
熊本県,和水町,中国,永住者の配偶者等,1 
熊本県,和水町,ミャンマー,特定活動,1 
熊本県,和水町,フィリピン,技能実習２号ロ,2 
熊本県,和水町,ベトナム,技能実習２号ロ,9 
熊本県,和水町,カンボジア,技能実習２号ロ,5 
熊本県,和水町,タイ,日本人の配偶者等,1 
熊本県,和水町,インドネシア,技能実習２号ロ,2 
熊本県,和水町,カンボジア,特定技能１号,5 
熊本県,和水町,中国,技能実習１号ロ,1 
熊本県,和水町,インドネシア,技能実習１号ロ,1 
熊本県,和水町,ミャンマー,技能実習１号ロ,4 
熊本県,大津町,韓国,特別永住者,2 
熊本県,大津町,韓国,定住者,2 
熊本県,大津町,中国,永住者,34 
熊本県,大津町,ブラジル,日本人の配偶者等,2 
熊本県,大津町,フィリピン,永住者,22 
熊本県,大津町,ペルー,永住者,2 
熊本県,大津町,米国,永住者,3 
熊本県,大津町,ブラジル,永住者,3 
熊本県,大津町,タイ,定住者,1 
熊本県,大津町,中国,日本人の配偶者等,5 
熊本県,大津町,韓国,永住者,5 
熊本県,大津町,パキスタン,永住者,6 
熊本県,大津町,カナダ,永住者,1 
熊本県,大津町,台湾,永住者,8 
熊本県,大津町,フィリピン,定住者,10 
熊本県,大津町,フィリピン,日本人の配偶者等,6 
熊本県,大津町,中国,定住者,9 
熊本県,大津町,中国,技能,4 
熊本県,大津町,中国,家族滞在,11 
熊本県,大津町,カザフスタン,日本人の配偶者等,1 
熊本県,大津町,中国,技術・人文知識・国際業務,20 
熊本県,大津町,台湾,日本人の配偶者等,1 
熊本県,大津町,ベトナム,技術・人文知識・国際業務,41 
熊本県,大津町,マレーシア,永住者,1 
熊本県,大津町,ベトナム,家族滞在,18 
熊本県,大津町,ネパール,技術・人文知識・国際業務,27 
熊本県,大津町,マレーシア,高度専門職１号ロ,1 
熊本県,大津町,ミャンマー,特定活動,3 
熊本県,大津町,韓国,日本人の配偶者等,1 
熊本県,大津町,フィリピン,永住者の配偶者等,2 
熊本県,大津町,ロシア,技術・人文知識・国際業務,1 
熊本県,大津町,ネパール,家族滞在,27 
熊本県,大津町,台湾,技術・人文知識・国際業務,34 
熊本県,大津町,スリランカ,技術・人文知識・国際業務,1 
熊本県,大津町,ベトナム,特定技能１号,67 
熊本県,大津町,カンボジア,特定技能１号,10 
熊本県,大津町,フィリピン,特定技能１号,12 
熊本県,大津町,中国,永住者の配偶者等,2 
熊本県,大津町,ベトナム,経営・管理,1 
熊本県,大津町,韓国,技術・人文知識・国際業務,2 
熊本県,大津町,マレーシア,定住者,1 
熊本県,大津町,ベトナム,技能実習３号ロ,19 
熊本県,大津町,カンボジア,特定活動,4 
熊本県,大津町,インド,技術・人文知識・国際業務,1 
熊本県,大津町,インドネシア,特定技能１号,10 
熊本県,大津町,ミャンマー,技術・人文知識・国際業務,2 
熊本県,大津町,カンボジア,日本人の配偶者等,1 
熊本県,大津町,フィリピン,技能実習３号ロ,27 
熊本県,大津町,パキスタン,技術・人文知識・国際業務,1 
熊本県,大津町,ミャンマー,特定技能１号,1 
熊本県,大津町,フィリピン,技能実習２号ロ,23 
熊本県,大津町,ベトナム,特定活動,7 
熊本県,大津町,モンゴル,技能,1 
熊本県,大津町,中国,特定技能１号,6 
熊本県,大津町,中国,留学,1 
熊本県,大津町,ミャンマー,技能実習２号ロ,7 
熊本県,大津町,ベトナム,技能実習２号ロ,67 
熊本県,大津町,中国,技能実習２号ロ,8 
熊本県,大津町,米国,技術・人文知識・国際業務,2 
熊本県,大津町,タイ,技能実習２号ロ,1 
熊本県,大津町,モンゴル,家族滞在,2 
熊本県,大津町,台湾,家族滞在,6 
熊本県,大津町,インドネシア,技能実習２号ロ,17 
熊本県,大津町,インド,技能,3 
熊本県,大津町,カンボジア,技能実習２号ロ,6 
熊本県,大津町,カンボジア,企業内転勤,1 
熊本県,大津町,オーストラリア,日本人の配偶者等,1 
熊本県,大津町,インドネシア,技能実習３号ロ,2 
熊本県,大津町,中国,特定活動,1 
熊本県,大津町,トリニダード・トバゴ,教育,1 
熊本県,大津町,米国,教育,1 
熊本県,大津町,ベトナム,技能実習１号ロ,43 
熊本県,大津町,カンボジア,技能実習１号ロ,7 
熊本県,大津町,台湾,企業内転勤,39 
熊本県,大津町,中国,技能実習１号ロ,9 
熊本県,大津町,インドネシア,技能実習１号ロ,17 
熊本県,大津町,台湾,経営・管理,3 
熊本県,大津町,台湾,高度専門職１号ロ,3 
熊本県,大津町,フィリピン,技能実習１号ロ,11 
熊本県,大津町,ネパール,特定技能１号,3 
熊本県,大津町,ウズベキスタン,技術・人文知識・国際業務,1 
熊本県,大津町,フィリピン,技術・人文知識・国際業務,15 
熊本県,大津町,ミャンマー,技能実習１号ロ,4 
熊本県,大津町,フィリピン,企業内転勤,10 
熊本県,菊陽町,中国,永住者,95 
熊本県,菊陽町,韓国,特別永住者,3 
熊本県,菊陽町,フィリピン,永住者,14 
熊本県,菊陽町,台湾,永住者,12 
熊本県,菊陽町,韓国,永住者,5 
熊本県,菊陽町,ブラジル,永住者,1 
熊本県,菊陽町,ペルー,永住者,1 
熊本県,菊陽町,米国,永住者,3 
熊本県,菊陽町,中国,定住者,3 
熊本県,菊陽町,中国,技術・人文知識・国際業務,18 
熊本県,菊陽町,ネパール,永住者,3 
熊本県,菊陽町,パキスタン,永住者,5 
熊本県,菊陽町,チリ,興行,7 
熊本県,菊陽町,カナダ,永住者,1 
熊本県,菊陽町,ウルグアイ,永住者,1 
熊本県,菊陽町,英国,永住者,2 
熊本県,菊陽町,ルーマニア,永住者,2 
熊本県,菊陽町,スロバキア,興行,4 
熊本県,菊陽町,中国,技能,3 
熊本県,菊陽町,タイ,永住者,2 
熊本県,菊陽町,パラグアイ,定住者,1 
熊本県,菊陽町,中国,家族滞在,25 
熊本県,菊陽町,メキシコ,興行,3 
熊本県,菊陽町,中国,永住者の配偶者等,3 
熊本県,菊陽町,シンガポール,永住者,1 
熊本県,菊陽町,バングラデシュ,永住者,4 
熊本県,菊陽町,ヨルダン,永住者,1 
熊本県,菊陽町,ベトナム,永住者,1 
熊本県,菊陽町,ベトナム,定住者,2 
熊本県,菊陽町,メキシコ,永住者,1 
熊本県,菊陽町,ネパール,技術・人文知識・国際業務,7 
熊本県,菊陽町,タイ,日本人の配偶者等,3 
熊本県,菊陽町,ベトナム,技術・人文知識・国際業務,6 
熊本県,菊陽町,台湾,日本人の配偶者等,3 
熊本県,菊陽町,フィリピン,日本人の配偶者等,5 
熊本県,菊陽町,中国,興行,10 
熊本県,菊陽町,フランス,日本人の配偶者等,1 
熊本県,菊陽町,インドネシア,技術・人文知識・国際業務,1 
熊本県,菊陽町,台湾,技術・人文知識・国際業務,73 
熊本県,菊陽町,ベトナム,特定技能１号,39 
熊本県,菊陽町,スロバキア,家族滞在,3 
熊本県,菊陽町,ネパール,家族滞在,8 
熊本県,菊陽町,マレーシア,技術・人文知識・国際業務,2 
熊本県,菊陽町,韓国,技術・人文知識・国際業務,30 
熊本県,菊陽町,インドネシア,日本人の配偶者等,3 
熊本県,菊陽町,カナダ,日本人の配偶者等,1 
熊本県,菊陽町,スリランカ,技術・人文知識・国際業務,1 
熊本県,菊陽町,ベルギー,永住者,1 
熊本県,菊陽町,フィリピン,特定技能１号,2 
熊本県,菊陽町,中国,日本人の配偶者等,3 
熊本県,菊陽町,インド,技能,1 
熊本県,菊陽町,カンボジア,特定活動,2 
熊本県,菊陽町,中国,特定技能１号,3 
熊本県,菊陽町,ベトナム,技能実習３号ロ,9 
熊本県,菊陽町,韓国,日本人の配偶者等,2 
熊本県,菊陽町,タイ,技能実習３号ロ,12 
熊本県,菊陽町,ベトナム,家族滞在,3 
熊本県,菊陽町,ベトナム,日本人の配偶者等,2 
熊本県,菊陽町,カンボジア,技能実習３号ロ,8 
熊本県,菊陽町,インドネシア,特定技能１号,12 
熊本県,菊陽町,ブラジル,定住者,1 
熊本県,菊陽町,カンボジア,特定技能１号,8 
熊本県,菊陽町,パキスタン,日本人の配偶者等,2 
熊本県,菊陽町,ネパール,特定活動,1 
熊本県,菊陽町,フィジー,日本人の配偶者等,1 
熊本県,菊陽町,ミャンマー,特定技能１号,5 
熊本県,菊陽町,ミャンマー,特定活動,3 
熊本県,菊陽町,台湾,高度専門職１号ロ,72 
熊本県,菊陽町,インドネシア,技能実習２号ロ,9 
熊本県,菊陽町,インドネシア,技能実習３号ロ,6 
熊本県,菊陽町,ベトナム,技能実習２号ロ,41 
熊本県,菊陽町,ミャンマー,技能実習２号ロ,22 
熊本県,菊陽町,カンボジア,技能実習２号ロ,8 
熊本県,菊陽町,タイ,技能実習２号ロ,2 
熊本県,菊陽町,ポーランド,企業内転勤,1 
熊本県,菊陽町,台湾,家族滞在,72 
熊本県,菊陽町,イスラエル,企業内転勤,2 
熊本県,菊陽町,フィリピン,技術・人文知識・国際業務,54 
熊本県,菊陽町,シンガポール,企業内転勤,1 
熊本県,菊陽町,スペイン,留学,1 
熊本県,菊陽町,米国,日本人の配偶者等,1 
熊本県,菊陽町,スリランカ,家族滞在,1 
熊本県,菊陽町,台湾,企業内転勤,102 
熊本県,菊陽町,エチオピア,興行,7 
熊本県,菊陽町,エクアドル,興行,2 
熊本県,菊陽町,ネパール,定住者,2 
熊本県,菊陽町,米国,家族滞在,1 
熊本県,菊陽町,オーストラリア,留学,1 
熊本県,菊陽町,ブラジル,興行,2 
熊本県,菊陽町,キューバ,興行,2 
熊本県,菊陽町,ベトナム,興行,2 
熊本県,菊陽町,ウクライナ,家族滞在,2 
熊本県,菊陽町,カンボジア,技能実習１号ロ,3 
熊本県,菊陽町,ベトナム,企業内転勤,2 
熊本県,菊陽町,ネパール,技能,1 
熊本県,菊陽町,ミャンマー,技能実習３号ロ,1 
熊本県,菊陽町,中国,企業内転勤,4 
熊本県,菊陽町,中国,留学,2 
熊本県,菊陽町,韓国,企業内転勤,4 
熊本県,菊陽町,韓国,家族滞在,4 
熊本県,菊陽町,ミャンマー,技能実習１号ロ,10 
熊本県,菊陽町,インドネシア,技能実習１号ロ,17 
熊本県,菊陽町,インドネシア,企業内転勤,1 
熊本県,菊陽町,ベトナム,技能実習１号ロ,8 
熊本県,菊陽町,フィリピン,定住者,2 
熊本県,菊陽町,台湾,経営・管理,2 
熊本県,菊陽町,台湾,留学,4 
熊本県,菊陽町,フィリピン,企業内転勤,7 
熊本県,菊陽町,フィリピン,家族滞在,1 
熊本県,菊陽町,韓国,留学,1 
熊本県,菊陽町,フィリピン,技能実習１号ロ,2 
熊本県,菊陽町,中国,高度専門職１号ロ,14 
熊本県,菊陽町,ミャンマー,技術・人文知識・国際業務,2 
熊本県,南小国町,韓国,永住者,2 
熊本県,南小国町,フィリピン,永住者,5 
熊本県,南小国町,中国,永住者,3 
熊本県,南小国町,ベトナム,日本人の配偶者等,1 
熊本県,南小国町,ネパール,技術・人文知識・国際業務,32 
熊本県,南小国町,ネパール,家族滞在,9 
熊本県,南小国町,韓国,技術・人文知識・国際業務,9 
熊本県,南小国町,台湾,技術・人文知識・国際業務,5 
熊本県,南小国町,英国,日本人の配偶者等,1 
熊本県,南小国町,中国,技術・人文知識・国際業務,31 
熊本県,南小国町,ベトナム,技術・人文知識・国際業務,9 
熊本県,南小国町,スリランカ,技術・人文知識・国際業務,4 
熊本県,南小国町,ベトナム,特定技能１号,3 
熊本県,南小国町,米国,日本人の配偶者等,1 
熊本県,南小国町,ミャンマー,特定技能１号,1 
熊本県,南小国町,スウェーデン,日本人の配偶者等,1 
熊本県,南小国町,韓国,家族滞在,2 
熊本県,南小国町,フィリピン,特定技能１号,1 
熊本県,南小国町,フィリピン,日本人の配偶者等,1 
熊本県,南小国町,中国,家族滞在,1 
熊本県,南小国町,ベトナム,技能実習３号ロ,2 
熊本県,南小国町,インドネシア,特定技能１号,3 
熊本県,南小国町,フィリピン,技能実習２号ロ,4 
熊本県,南小国町,ベトナム,技能実習２号ロ,3 
熊本県,南小国町,フィリピン,技能実習１号ロ,7 
熊本県,南小国町,ミャンマー,技能実習２号ロ,2 
熊本県,南小国町,中国,特定活動,11 
熊本県,南小国町,ミャンマー,技術・人文知識・国際業務,8 
熊本県,南小国町,インドネシア,技能実習１号ロ,3 
熊本県,南小国町,カンボジア,技能実習１号ロ,2 
熊本県,南小国町,ベトナム,技能実習１号ロ,8 
熊本県,南小国町,インドネシア,特定活動,2 
熊本県,南小国町,ネパール,特定技能１号,1 
熊本県,南小国町,台湾,特定活動,6 
熊本県,南小国町,ミャンマー,技能実習１号ロ,3 
熊本県,南小国町,ベトナム,特定活動,4 
熊本県,南小国町,フィリピン,特定活動,4 
熊本県,南小国町,ベトナム,家族滞在,1 
熊本県,南小国町,韓国,特定活動,2 
熊本県,小国町,韓国,特別永住者,1 
熊本県,小国町,フィリピン,永住者,5 
熊本県,小国町,台湾,永住者,3 
熊本県,小国町,中国,永住者,2 
熊本県,小国町,台湾,日本人の配偶者等,1 
熊本県,小国町,フランス,永住者,1 
熊本県,小国町,ベトナム,技術・人文知識・国際業務,2 
熊本県,小国町,ネパール,技術・人文知識・国際業務,9 
熊本県,小国町,スリランカ,技術・人文知識・国際業務,1 
熊本県,小国町,韓国,永住者,1 
熊本県,小国町,韓国,日本人の配偶者等,1 
熊本県,小国町,ベトナム,技能実習３号ロ,2 
熊本県,小国町,ネパール,家族滞在,1 
熊本県,小国町,ベトナム,技能実習２号ロ,8 
熊本県,小国町,インドネシア,技能実習２号ロ,10 
熊本県,小国町,中国,技能実習２号ロ,1 
熊本県,小国町,台湾,技術・人文知識・国際業務,5 
熊本県,小国町,ネパール,特定技能１号,2 
熊本県,小国町,ミャンマー,特定技能１号,2 
熊本県,小国町,ベトナム,技能実習１号ロ,30 
熊本県,小国町,台湾,特定活動,5 
熊本県,小国町,スリランカ,家族滞在,1 
熊本県,小国町,韓国,特定活動,2 
熊本県,小国町,ミャンマー,技能実習１号ロ,6 
熊本県,小国町,中国,技術・人文知識・国際業務,1 
熊本県,小国町,インドネシア,技能実習１号ロ,6 
熊本県,小国町,フィリピン,技能実習１号ロ,5 
熊本県,小国町,カンボジア,技能実習１号ロ,3 
熊本県,産山村,韓国,特別永住者,3 
熊本県,産山村,フィリピン,永住者,2 
熊本県,産山村,英国,日本人の配偶者等,1 
熊本県,産山村,中国,永住者,1 
熊本県,産山村,韓国,永住者,5 
熊本県,産山村,米国,永住者,1 
熊本県,産山村,韓国,技術・人文知識・国際業務,5 
熊本県,産山村,韓国,永住者の配偶者等,1 
熊本県,産山村,ネパール,技術・人文知識・国際業務,14 
熊本県,産山村,ネパール,特定技能１号,4 
熊本県,産山村,ベトナム,特定技能１号,1 
熊本県,産山村,ベトナム,技術・人文知識・国際業務,2 
熊本県,産山村,中国,技術・人文知識・国際業務,1 
熊本県,産山村,インドネシア,特定技能１号,2 
熊本県,産山村,ベトナム,技能実習２号ロ,3 
熊本県,産山村,フィリピン,技能実習２号ロ,1 
熊本県,産山村,カンボジア,技能実習２号ロ,2 
熊本県,産山村,ネパール,家族滞在,2 
熊本県,産山村,米国,教育,1 
熊本県,産山村,カンボジア,特定技能１号,1 
熊本県,産山村,ベトナム,技能実習１号ロ,6 
熊本県,産山村,韓国,特定活動,1 
熊本県,高森町,韓国,特別永住者,2 
熊本県,高森町,朝鮮,日本人の配偶者等,1 
熊本県,高森町,朝鮮,特別永住者,1 
熊本県,高森町,フィリピン,永住者,7 
熊本県,高森町,中国,永住者,2 
熊本県,高森町,米国,永住者,1 
熊本県,高森町,韓国,技術・人文知識・国際業務,5 
熊本県,高森町,イタリア,日本人の配偶者等,1 
熊本県,高森町,米国,技術・人文知識・国際業務,1 
熊本県,高森町,韓国,日本人の配偶者等,1 
熊本県,高森町,カンボジア,特定技能１号,14 
熊本県,高森町,韓国,経営・管理,2 
熊本県,高森町,ベトナム,特定技能１号,5 
熊本県,高森町,タイ,技能実習３号ロ,2 
熊本県,高森町,ベトナム,技能実習３号ロ,5 
熊本県,高森町,米国,日本人の配偶者等,1 
熊本県,高森町,モルディブ,日本人の配偶者等,1 
熊本県,高森町,フィリピン,日本人の配偶者等,1 
熊本県,高森町,インドネシア,日本人の配偶者等,1 
熊本県,高森町,タイ,技能実習２号ロ,1 
熊本県,高森町,ベトナム,技能実習２号ロ,28 
熊本県,高森町,スロベニア,技術・人文知識・国際業務,1 
熊本県,高森町,カンボジア,技能実習２号ロ,10 
熊本県,高森町,カナダ,日本人の配偶者等,1 
熊本県,高森町,インドネシア,技能実習２号ロ,2 
熊本県,高森町,ブラジル,芸術,2 
熊本県,高森町,米国,芸術,1 
熊本県,高森町,ロシア,芸術,1 
熊本県,高森町,フィンランド,芸術,1 
熊本県,高森町,インドネシア,芸術,4 
熊本県,高森町,オーストラリア,芸術,1 
熊本県,高森町,ミャンマー,技能実習１号ロ,2 
熊本県,高森町,ネパール,特定技能１号,5 
熊本県,高森町,インドネシア,技能実習１号ロ,3 
熊本県,高森町,カンボジア,技能実習１号ロ,6 
熊本県,高森町,ベトナム,技能実習１号ロ,4 
熊本県,高森町,タイ,技能実習１号ロ,2 
熊本県,高森町,韓国,特定活動,1 
熊本県,西原村,韓国,特別永住者,1 
熊本県,西原村,フィリピン,永住者,7 
熊本県,西原村,アイルランド,永住者,1 
熊本県,西原村,パキスタン,技術・人文知識・国際業務,1 
熊本県,西原村,インド,技能,3 
熊本県,西原村,パキスタン,永住者,1 
熊本県,西原村,フランス,永住者,1 
熊本県,西原村,中国,永住者,1 
熊本県,西原村,オランダ,日本人の配偶者等,1 
熊本県,西原村,韓国,永住者,1 
熊本県,西原村,米国,永住者,1 
熊本県,西原村,ベトナム,技術・人文知識・国際業務,13 
熊本県,西原村,ベトナム,家族滞在,2 
熊本県,西原村,ベトナム,特定技能１号,51 
熊本県,西原村,ミャンマー,技術・人文知識・国際業務,1 
熊本県,西原村,パキスタン,経営・管理,2 
熊本県,西原村,スリランカ,日本人の配偶者等,1 
熊本県,西原村,ベトナム,技能実習３号ロ,3 
熊本県,西原村,ネパール,技術・人文知識・国際業務,1 
熊本県,西原村,カンボジア,特定活動,2 
熊本県,西原村,ベトナム,特定活動,2 
熊本県,西原村,カンボジア,特定技能１号,2 
熊本県,西原村,韓国,技術・人文知識・国際業務,1 
熊本県,西原村,フィリピン,技能実習２号ロ,2 
熊本県,西原村,ベトナム,技能実習２号ロ,22 
熊本県,西原村,シンガポール,技術・人文知識・国際業務,1 
熊本県,西原村,シンガポール,家族滞在,3 
熊本県,西原村,パキスタン,家族滞在,4 
熊本県,西原村,カンボジア,技能実習２号ロ,3 
熊本県,西原村,ミャンマー,技能実習２号ロ,6 
熊本県,西原村,ベトナム,技能実習１号ロ,6 
熊本県,西原村,米国,教育,1 
熊本県,西原村,ネパール,特定技能１号,2 
熊本県,西原村,ミャンマー,技能実習１号ロ,6 
熊本県,西原村,フィリピン,特定技能１号,1 
熊本県,西原村,タイ,特定技能１号,2 
熊本県,西原村,アイルランド,日本人の配偶者等,1 
熊本県,西原村,台湾,経営・管理,1 
熊本県,西原村,台湾,技術・人文知識・国際業務,1 
熊本県,西原村,フィリピン,技能実習３号ロ,1 
熊本県,西原村,インドネシア,技能実習１号ロ,5 
熊本県,西原村,インドネシア,特定技能１号,1 
熊本県,西原村,ネパール,技能実習１号ロ,4 
熊本県,南阿蘇村,韓国,特別永住者,2 
熊本県,南阿蘇村,フィリピン,永住者,6 
熊本県,南阿蘇村,フランス,永住者,1 
熊本県,南阿蘇村,英国,永住者,3 
熊本県,南阿蘇村,中国,永住者,3 
熊本県,南阿蘇村,米国,永住者,2 
熊本県,南阿蘇村,南アフリカ共和国,永住者,1 
熊本県,南阿蘇村,カナダ,日本人の配偶者等,3 
熊本県,南阿蘇村,フィリピン,日本人の配偶者等,1 
熊本県,南阿蘇村,タイ,日本人の配偶者等,2 
熊本県,南阿蘇村,米国,日本人の配偶者等,4 
熊本県,南阿蘇村,ベルギー,日本人の配偶者等,1 
熊本県,南阿蘇村,ネパール,技術・人文知識・国際業務,26 
熊本県,南阿蘇村,バングラデシュ,技術・人文知識・国際業務,2 
熊本県,南阿蘇村,ドイツ,日本人の配偶者等,2 
熊本県,南阿蘇村,カンボジア,特定技能１号,1 
熊本県,南阿蘇村,タンザニア,日本人の配偶者等,1 
熊本県,南阿蘇村,ミャンマー,特定活動,2 
熊本県,南阿蘇村,ベトナム,技術・人文知識・国際業務,5 
熊本県,南阿蘇村,ベトナム,特定技能１号,3 
熊本県,南阿蘇村,中国,日本人の配偶者等,1 
熊本県,南阿蘇村,中国,留学,1 
熊本県,南阿蘇村,インド,留学,3 
熊本県,南阿蘇村,ネパール,家族滞在,6 
熊本県,南阿蘇村,オーストラリア,日本人の配偶者等,1 
熊本県,南阿蘇村,オーストラリア,定住者,1 
熊本県,南阿蘇村,ネパール,留学,2 
熊本県,南阿蘇村,中国,技術・人文知識・国際業務,1 
熊本県,南阿蘇村,フィリピン,留学,1 
熊本県,南阿蘇村,ミャンマー,技能実習２号ロ,15 
熊本県,南阿蘇村,カンボジア,技能実習２号ロ,8 
熊本県,南阿蘇村,インドネシア,技能実習２号ロ,2 
熊本県,南阿蘇村,トルコ,留学,1 
熊本県,南阿蘇村,ネパール,特定技能１号,9 
熊本県,南阿蘇村,ミャンマー,留学,5 
熊本県,南阿蘇村,台湾,永住者,1 
熊本県,南阿蘇村,インドネシア,特定技能１号,2 
熊本県,南阿蘇村,インドネシア,技能実習１号ロ,2 
熊本県,南阿蘇村,カンボジア,技能実習１号ロ,6 
熊本県,南阿蘇村,台湾,特定活動,3 
熊本県,南阿蘇村,ミャンマー,技能実習１号ロ,6 
熊本県,南阿蘇村,ベトナム,特定活動,3 
熊本県,御船町,韓国,特別永住者,4 
熊本県,御船町,朝鮮,特別永住者,1 
熊本県,御船町,タイ,永住者,1 
熊本県,御船町,韓国,永住者,4 
熊本県,御船町,米国,永住者,1 
熊本県,御船町,フィリピン,永住者,2 
熊本県,御船町,中国,永住者,8 
熊本県,御船町,韓国,日本人の配偶者等,2 
熊本県,御船町,インドネシア,永住者,1 
熊本県,御船町,フィリピン,日本人の配偶者等,1 
熊本県,御船町,中国,技能,1 
熊本県,御船町,中国,日本人の配偶者等,1 
熊本県,御船町,中国,家族滞在,3 
熊本県,御船町,ベトナム,特定技能１号,18 
熊本県,御船町,ミャンマー,特定技能１号,9 
熊本県,御船町,台湾,永住者,1 
熊本県,御船町,インドネシア,特定技能１号,14 
熊本県,御船町,バングラデシュ,特定技能１号,2 
熊本県,御船町,中国,技能実習３号ロ,1 
熊本県,御船町,インドネシア,技能実習２号ロ,11 
熊本県,御船町,ベトナム,技能実習３号ロ,1 
熊本県,御船町,ベトナム,技能実習２号ロ,18 
熊本県,御船町,ミャンマー,技能実習２号ロ,3 
熊本県,御船町,カンボジア,技能実習２号ロ,2 
熊本県,御船町,バングラデシュ,技能実習２号ロ,1 
熊本県,御船町,インドネシア,特定活動,1 
熊本県,御船町,米国,教育,1 
熊本県,御船町,米国,宗教,1 
熊本県,御船町,ベトナム,技能実習１号ロ,20 
熊本県,御船町,ミャンマー,技能実習１号ロ,4 
熊本県,御船町,ベトナム,技術・人文知識・国際業務,1 
熊本県,御船町,カンボジア,技能実習１号ロ,3 
熊本県,御船町,インドネシア,技能実習１号ロ,14 
熊本県,御船町,ネパール,特定技能１号,1 
熊本県,御船町,フィリピン,特定技能１号,1 
熊本県,嘉島町,韓国,特別永住者,5 
熊本県,嘉島町,中国,永住者,4 
熊本県,嘉島町,英国,永住者,1 
熊本県,嘉島町,スウェーデン,永住者,1 
熊本県,嘉島町,インド,技能,4 
熊本県,嘉島町,韓国,永住者,1 
熊本県,嘉島町,フィリピン,永住者,1 
熊本県,嘉島町,中国,技術・人文知識・国際業務,3 
熊本県,嘉島町,フィリピン,日本人の配偶者等,1 
熊本県,嘉島町,フィリピン,定住者,1 
熊本県,嘉島町,ベトナム,特定技能１号,12 
熊本県,嘉島町,インドネシア,特定技能１号,53 
熊本県,嘉島町,ミャンマー,技能実習３号ロ,5 
熊本県,嘉島町,中国,特定技能１号,1 
熊本県,嘉島町,ベトナム,技能実習３号ロ,2 
熊本県,嘉島町,ベトナム,技術・人文知識・国際業務,2 
熊本県,嘉島町,ミャンマー,技術・人文知識・国際業務,5 
熊本県,嘉島町,中国,技能,1 
熊本県,嘉島町,インドネシア,技術・人文知識・国際業務,1 
熊本県,嘉島町,ベトナム,家族滞在,2 
熊本県,嘉島町,ミャンマー,特定活動,1 
熊本県,嘉島町,ネパール,技能,1 
熊本県,嘉島町,ミャンマー,特定技能１号,4 
熊本県,嘉島町,ミャンマー,技能実習２号ロ,3 
熊本県,嘉島町,ベトナム,技能実習２号ロ,8 
熊本県,嘉島町,フィリピン,技能実習２号ロ,3 
熊本県,嘉島町,インドネシア,技能実習２号ロ,4 
熊本県,嘉島町,中国,技能実習２号ロ,2 
熊本県,嘉島町,カンボジア,技能実習２号ロ,2 
熊本県,嘉島町,インドネシア,技能実習１号ロ,5 
熊本県,嘉島町,中国,技能実習１号ロ,1 
熊本県,嘉島町,ベトナム,技能実習１号ロ,1 
熊本県,嘉島町,ミャンマー,技能実習１号ロ,4 
熊本県,嘉島町,英国,教育,1 
熊本県,益城町,韓国,特別永住者,4 
熊本県,益城町,朝鮮,特別永住者,1 
熊本県,益城町,フィリピン,永住者,6 
熊本県,益城町,中国,永住者,13 
熊本県,益城町,ブラジル,永住者,2 
熊本県,益城町,韓国,永住者,2 
熊本県,益城町,中国,定住者,3 
熊本県,益城町,ロシア,永住者,1 
熊本県,益城町,フィリピン,日本人の配偶者等,1 
熊本県,益城町,英国,永住者,1 
熊本県,益城町,ネパール,日本人の配偶者等,1 
熊本県,益城町,中国,永住者の配偶者等,1 
熊本県,益城町,タイ,日本人の配偶者等,1 
熊本県,益城町,ベトナム,特定技能１号,20 
熊本県,益城町,台湾,永住者,1 
熊本県,益城町,ベトナム,技術・人文知識・国際業務,3 
熊本県,益城町,フィリピン,特定技能１号,11 
熊本県,益城町,カンボジア,特定技能１号,5 
熊本県,益城町,ベトナム,技能実習３号ロ,3 
熊本県,益城町,中国,日本人の配偶者等,2 
熊本県,益城町,タイ,特定技能１号,3 
熊本県,益城町,韓国,技術・人文知識・国際業務,1 
熊本県,益城町,韓国,家族滞在,2 
熊本県,益城町,ネパール,特定技能１号,6 
熊本県,益城町,フィリピン,技能実習３号ロ,2 
熊本県,益城町,中国,特定技能１号,1 
熊本県,益城町,ミャンマー,特定技能１号,5 
熊本県,益城町,ミャンマー,特定活動,1 
熊本県,益城町,インドネシア,日本人の配偶者等,1 
熊本県,益城町,韓国,日本人の配偶者等,1 
熊本県,益城町,ベトナム,技能実習２号ロ,9 
熊本県,益城町,ベトナム,特定活動,3 
熊本県,益城町,フィリピン,技能実習２号ロ,6 
熊本県,益城町,ミャンマー,技能実習２号ロ,13 
熊本県,益城町,カンボジア,技能実習２号ロ,2 
熊本県,益城町,米国,教育,2 
熊本県,益城町,インドネシア,技能実習２号ロ,9 
熊本県,益城町,スペイン,日本人の配偶者等,1 
熊本県,益城町,インドネシア,特定技能１号,3 
熊本県,益城町,メキシコ,日本人の配偶者等,1 
熊本県,益城町,メキシコ,定住者,1 
熊本県,益城町,ベトナム,技能実習１号ロ,14 
熊本県,益城町,インドネシア,技能実習１号ロ,6 
熊本県,益城町,タイ,技能実習１号ロ,1 
熊本県,益城町,ミャンマー,技能実習１号ロ,4 
熊本県,益城町,フィリピン,技能実習１号ロ,7 
熊本県,益城町,台湾,技術・人文知識・国際業務,1 
熊本県,益城町,台湾,家族滞在,1 
熊本県,益城町,カンボジア,技能実習１号ロ,1 
熊本県,甲佐町,韓国,永住者,2 
熊本県,甲佐町,フィリピン,永住者,7 
熊本県,甲佐町,中国,永住者,2 
熊本県,甲佐町,米国,永住者,1 
熊本県,甲佐町,中国,定住者,1 
熊本県,甲佐町,中国,日本人の配偶者等,1 
熊本県,甲佐町,ミャンマー,特定技能１号,13 
熊本県,甲佐町,ベトナム,特定技能１号,11 
熊本県,甲佐町,ウズベキスタン,技術・人文知識・国際業務,1 
熊本県,甲佐町,フィリピン,特定技能１号,7 
熊本県,甲佐町,フィリピン,日本人の配偶者等,1 
熊本県,甲佐町,インドネシア,特定技能１号,7 
熊本県,甲佐町,カンボジア,技能実習３号ロ,3 
熊本県,甲佐町,ベトナム,特定活動,2 
熊本県,甲佐町,ベトナム,技能実習３号ロ,5 
熊本県,甲佐町,ベトナム,技能実習２号ロ,25 
熊本県,甲佐町,インドネシア,技能実習３号ロ,2 
熊本県,甲佐町,ミャンマー,技能実習２号ロ,7 
熊本県,甲佐町,ネパール,特定技能１号,2 
熊本県,甲佐町,英国,教育,1 
熊本県,甲佐町,英国,技術・人文知識・国際業務,1 
熊本県,甲佐町,カンボジア,技能実習２号ロ,1 
熊本県,甲佐町,米国,日本人の配偶者等,1 
熊本県,甲佐町,インドネシア,技能実習２号ロ,4 
熊本県,甲佐町,ミャンマー,特定活動,1 
熊本県,甲佐町,ベトナム,技能実習１号ロ,7 
熊本県,甲佐町,ミャンマー,技術・人文知識・国際業務,2 
熊本県,甲佐町,タイ,技能実習１号ロ,1 
熊本県,甲佐町,ウズベキスタン,家族滞在,1 
熊本県,甲佐町,ミャンマー,技能実習１号ロ,6 
熊本県,山都町,韓国,特別永住者,2 
熊本県,山都町,フィリピン,永住者,4 
熊本県,山都町,中国,永住者,7 
熊本県,山都町,ベトナム,永住者,1 
熊本県,山都町,カナダ,日本人の配偶者等,1 
熊本県,山都町,オーストラリア,日本人の配偶者等,2 
熊本県,山都町,タイ,永住者,1 
熊本県,山都町,フィリピン,日本人の配偶者等,2 
熊本県,山都町,カンボジア,特定技能１号,14 
熊本県,山都町,フィリピン,特定技能１号,8 
熊本県,山都町,カンボジア,特定活動,8 
熊本県,山都町,フランス,日本人の配偶者等,1 
熊本県,山都町,米国,日本人の配偶者等,2 
熊本県,山都町,カンボジア,技能実習３号ロ,3 
熊本県,山都町,ベトナム,特定技能１号,2 
熊本県,山都町,フィリピン,技能実習３号ロ,5 
熊本県,山都町,韓国,日本人の配偶者等,1 
熊本県,山都町,インドネシア,技能実習３号ロ,2 
熊本県,山都町,インドネシア,特定技能１号,13 
熊本県,山都町,フィリピン,技能実習２号ロ,8 
熊本県,山都町,ミャンマー,技能実習２号ロ,2 
熊本県,山都町,ベトナム,技能実習２号ロ,9 
熊本県,山都町,カンボジア,技能実習２号ロ,17 
熊本県,山都町,インドネシア,技能実習２号ロ,6 
熊本県,山都町,フランス,教育,1 
熊本県,山都町,タイ,技能実習２号ロ,1 
熊本県,山都町,タイ,技能実習３号ロ,1 
熊本県,山都町,ベトナム,技能実習３号ロ,1 
熊本県,山都町,ネパール,特定技能１号,3 
熊本県,山都町,デンマーク,教育,1 
熊本県,山都町,カンボジア,技能実習１号ロ,3 
熊本県,山都町,ミャンマー,特定技能１号,1 
熊本県,山都町,インドネシア,技能実習１号ロ,8 
熊本県,山都町,ミャンマー,技能実習１号ロ,1 
熊本県,山都町,フィリピン,技能実習１号ロ,4 
熊本県,山都町,ベトナム,技能実習１号ロ,3 
熊本県,山都町,ノルウェー,教育,1 
熊本県,山都町,スリランカ,技能実習１号ロ,3 
熊本県,氷川町,韓国,特別永住者,2 
熊本県,氷川町,台湾,特別永住者,1 
熊本県,氷川町,中国,永住者,3 
熊本県,氷川町,フィリピン,永住者,4 
熊本県,氷川町,韓国,永住者,1 
熊本県,氷川町,パキスタン,永住者,7 
熊本県,氷川町,フィリピン,日本人の配偶者等,2 
熊本県,氷川町,パキスタン,日本人の配偶者等,1 
熊本県,氷川町,中国,技術・人文知識・国際業務,1 
熊本県,氷川町,中国,日本人の配偶者等,1 
熊本県,氷川町,ベトナム,特定技能１号,12 
熊本県,氷川町,フィリピン,特定技能１号,22 
熊本県,氷川町,中国,特定技能１号,13 
熊本県,氷川町,カンボジア,特定技能１号,13 
熊本県,氷川町,ベトナム,特定活動,1 
熊本県,氷川町,中国,技能実習３号ロ,1 
熊本県,氷川町,フィリピン,技能実習３号ロ,5 
熊本県,氷川町,カンボジア,技能実習３号ロ,5 
熊本県,氷川町,タイ,技能実習３号ロ,2 
熊本県,氷川町,ベトナム,技能実習３号ロ,1 
熊本県,氷川町,韓国,日本人の配偶者等,1 
熊本県,氷川町,ベトナム,日本人の配偶者等,1 
熊本県,氷川町,中国,技能実習２号ロ,7 
熊本県,氷川町,タイ,特定技能１号,1 
熊本県,氷川町,フィリピン,技能実習２号ロ,12 
熊本県,氷川町,ベトナム,技能実習２号ロ,10 
熊本県,氷川町,インドネシア,特定活動,1 
熊本県,氷川町,タイ,技能実習２号ロ,6 
熊本県,氷川町,カンボジア,技能実習２号ロ,21 
熊本県,氷川町,インドネシア,技能実習２号ロ,10 
熊本県,氷川町,ミャンマー,技能実習２号ロ,13 
熊本県,氷川町,インドネシア,特定技能１号,8 
熊本県,氷川町,ミャンマー,技能実習１号ロ,9 
熊本県,氷川町,タイ,技能実習１号ロ,7 
熊本県,氷川町,ベトナム,技能実習１号ロ,11 
熊本県,氷川町,カンボジア,技能実習１号ロ,7 
熊本県,氷川町,中国,技能実習１号ロ,6 
熊本県,氷川町,インドネシア,技能実習１号ロ,16 
熊本県,氷川町,フィリピン,技能実習１号ロ,12 
熊本県,芦北町,韓国,特別永住者,3 
熊本県,芦北町,フィリピン,永住者,5 
熊本県,芦北町,インドネシア,永住者,1 
熊本県,芦北町,中国,永住者,6 
熊本県,芦北町,中国,日本人の配偶者等,1 
熊本県,芦北町,ベトナム,特定技能１号,5 
熊本県,芦北町,米国,教育,2 
熊本県,芦北町,ミャンマー,特定技能１号,1 
熊本県,芦北町,ベトナム,技能実習３号ロ,2 
熊本県,芦北町,フィリピン,日本人の配偶者等,1 
熊本県,芦北町,カンボジア,特定技能１号,1 
熊本県,芦北町,カンボジア,技能実習２号ロ,5 
熊本県,芦北町,ドイツ,日本人の配偶者等,1 
熊本県,芦北町,ベトナム,技能実習２号ロ,1 
熊本県,芦北町,ミャンマー,技能実習２号ロ,4 
熊本県,芦北町,ネパール,特定技能１号,2 
熊本県,芦北町,インドネシア,技能実習２号ロ,3 
熊本県,芦北町,インドネシア,技能実習１号ロ,8 
熊本県,芦北町,ミャンマー,技能実習１号ロ,9 
熊本県,芦北町,ネパール,技術・人文知識・国際業務,1 
熊本県,芦北町,カンボジア,技能実習１号ロ,2 
熊本県,芦北町,英国,技術・人文知識・国際業務,1 
熊本県,津奈木町,韓国,永住者,2 
熊本県,津奈木町,台湾,永住者,1 
熊本県,津奈木町,韓国,日本人の配偶者等,1 
熊本県,津奈木町,パキスタン,経営・管理,1 
熊本県,津奈木町,ミャンマー,特定技能１号,2 
熊本県,津奈木町,ベトナム,特定技能１号,2 
熊本県,津奈木町,米国,教育,1 
熊本県,津奈木町,南アフリカ共和国,教育,1 
熊本県,錦町,韓国,特別永住者,2 
熊本県,錦町,韓国,日本人の配偶者等,1 
熊本県,錦町,台湾,永住者,1 
熊本県,錦町,フィリピン,永住者,12 
熊本県,錦町,タイ,永住者,2 
熊本県,錦町,中国,永住者,2 
熊本県,錦町,韓国,永住者,1 
熊本県,錦町,インドネシア,技術・人文知識・国際業務,1 
熊本県,錦町,中国,技能,1 
熊本県,錦町,中国,家族滞在,2 
熊本県,錦町,中国,定住者,2 
熊本県,錦町,ネパール,日本人の配偶者等,1 
熊本県,錦町,パキスタン,経営・管理,1 
熊本県,錦町,ベトナム,技術・人文知識・国際業務,26 
熊本県,錦町,中国,特定技能１号,1 
熊本県,錦町,ベトナム,特定技能１号,4 
熊本県,錦町,中国,経営・管理,1 
熊本県,錦町,フィリピン,特定技能１号,6 
熊本県,錦町,フィリピン,日本人の配偶者等,1 
熊本県,錦町,中国,技術・人文知識・国際業務,1 
熊本県,錦町,パキスタン,家族滞在,3 
熊本県,錦町,カンボジア,特定技能１号,2 
熊本県,錦町,タイ,日本人の配偶者等,1 
熊本県,錦町,ベトナム,技能実習２号ロ,5 
熊本県,錦町,タイ,技能実習２号ロ,5 
熊本県,錦町,タイ,特定活動,1 
熊本県,錦町,カンボジア,技能実習２号ロ,2 
熊本県,錦町,カンボジア,特定活動,1 
熊本県,錦町,英国,教育,2 
熊本県,錦町,米国,教育,2 
熊本県,錦町,ベトナム,技能実習１号ロ,4 
熊本県,錦町,インドネシア,技能実習１号ロ,5 
熊本県,錦町,タイ,技能実習１号ロ,5 
熊本県,錦町,カンボジア,技能実習１号ロ,1 
熊本県,錦町,フィリピン,技能実習１号ロ,2 
熊本県,多良木町,韓国,永住者,1 
熊本県,多良木町,インド,永住者,1 
熊本県,多良木町,フィリピン,永住者,11 
熊本県,多良木町,ネパール,永住者,1 
熊本県,多良木町,フィリピン,定住者,1 
熊本県,多良木町,カメルーン,永住者の配偶者等,1 
熊本県,多良木町,ネパール,技術・人文知識・国際業務,2 
熊本県,多良木町,ベトナム,日本人の配偶者等,1 
熊本県,多良木町,ベトナム,技能実習３号ロ,2 
熊本県,多良木町,ベトナム,特定活動,2 
熊本県,多良木町,ベトナム,技能実習２号ロ,30 
熊本県,多良木町,カンボジア,技能実習２号ロ,2 
熊本県,多良木町,インドネシア,技能実習１号ロ,1 
熊本県,多良木町,ネパール,家族滞在,1 
熊本県,多良木町,ベトナム,技能実習１号ロ,6 
熊本県,水上村,米国,永住者,1 
熊本県,水上村,韓国,特別永住者,1 
熊本県,水上村,中国,永住者,5 
熊本県,水上村,米国,日本人の配偶者等,1 
熊本県,水上村,ベトナム,技能実習２号ロ,2 
熊本県,水上村,台湾,技術・人文知識・国際業務,1 
熊本県,水上村,フィリピン,特定技能１号,2 
熊本県,相良村,韓国,特別永住者,3 
熊本県,相良村,ブラジル,永住者,1 
熊本県,相良村,フィリピン,永住者,3 
熊本県,相良村,中国,日本人の配偶者等,1 
熊本県,相良村,ネパール,日本人の配偶者等,1 
熊本県,相良村,フィリピン,日本人の配偶者等,2 
熊本県,相良村,ベトナム,技術・人文知識・国際業務,1 
熊本県,相良村,フランス,教育,1 
熊本県,相良村,中国,特定技能１号,2 
熊本県,相良村,インドネシア,技能実習２号ロ,3 
熊本県,相良村,バングラデシュ,技能実習２号ロ,2 
熊本県,相良村,ミャンマー,特定技能１号,6 
熊本県,相良村,インドネシア,技能実習１号ロ,2 
熊本県,五木村,中国,永住者,2 
熊本県,五木村,ミャンマー,技術・人文知識・国際業務,1 
熊本県,五木村,米国,日本人の配偶者等,1 
熊本県,五木村,ベトナム,技術・人文知識・国際業務,1 
熊本県,五木村,ネパール,技能実習１号ロ,9 
熊本県,あさぎり町,韓国,特別永住者,12 
熊本県,あさぎり町,フィリピン,定住者,2 
熊本県,あさぎり町,韓国,永住者,1 
熊本県,あさぎり町,フィリピン,永住者,9 
熊本県,あさぎり町,中国,永住者,9 
熊本県,あさぎり町,ブラジル,永住者,1 
熊本県,あさぎり町,米国,永住者,1 
熊本県,あさぎり町,インドネシア,日本人の配偶者等,1 
熊本県,あさぎり町,フィリピン,日本人の配偶者等,3 
熊本県,あさぎり町,インドネシア,永住者,1 
熊本県,あさぎり町,ベトナム,技術・人文知識・国際業務,2 
熊本県,あさぎり町,中国,技能実習３号ロ,4 
熊本県,あさぎり町,ネパール,技術・人文知識・国際業務,8 
熊本県,あさぎり町,ベトナム,特定技能１号,31 
熊本県,あさぎり町,ベトナム,技能実習３号ロ,18 
熊本県,あさぎり町,ベトナム,技能実習２号ロ,47 
熊本県,あさぎり町,インドネシア,特定活動,1 
熊本県,あさぎり町,インドネシア,技能実習２号ロ,5 
熊本県,あさぎり町,米国,教育,5 
熊本県,あさぎり町,ネパール,家族滞在,3 
熊本県,あさぎり町,カンボジア,技能実習２号ロ,1 
熊本県,あさぎり町,ベトナム,技能実習１号ロ,19 
熊本県,あさぎり町,カンボジア,技能実習１号ロ,2 
熊本県,あさぎり町,インドネシア,特定技能１号,2 
熊本県,あさぎり町,インドネシア,技能実習１号ロ,13 
熊本県,あさぎり町,ミャンマー,技能実習１号ロ,12 
熊本県,苓北町,韓国,特別永住者,1 
熊本県,苓北町,中国,永住者,5 
熊本県,苓北町,チリ,定住者,1 
熊本県,苓北町,英国,永住者,1 
熊本県,苓北町,ミャンマー,永住者,1 
熊本県,苓北町,韓国,経営・管理,1 
熊本県,苓北町,ベトナム,日本人の配偶者等,3 
熊本県,苓北町,ベトナム,介護,1 
熊本県,苓北町,ネパール,介護,1 
熊本県,苓北町,ベトナム,技術・人文知識・国際業務,2 
熊本県,苓北町,ベトナム,技能実習３号ロ,18 
熊本県,苓北町,ベトナム,医療,1 
熊本県,苓北町,シンガポール,留学,1 
熊本県,苓北町,ベトナム,特定技能１号,1 
熊本県,苓北町,米国,日本人の配偶者等,1 
熊本県,苓北町,ベトナム,技能実習２号ロ,5 
熊本県,苓北町,ベトナム,特定活動,1 
熊本県,苓北町,ミャンマー,技能実習２号ロ,9 
熊本県,苓北町,ベトナム,家族滞在,2 
熊本県,苓北町,ベトナム,技能実習１号ロ,13 
熊本県,苓北町,ミャンマー,技能実習１号ロ,2 
熊本県,苓北町,チリ,特定活動,4 
熊本県,苓北町,チェコ,特定活動,2 
熊本県,苓北町,ドイツ,日本人の配偶者等,1 
